"500002","INE117A01022"
"500003","INE208C01025"
"500008","INE885A01032"
"500009","INE432A01017"
"500010","INE001A01036"
"500012","INE714B01016"
"500013","INE436A01026"
"500014","INE096A01010"
"500020","INE032A01023"
"500023","INE363A01022"
"500024","INE442A01024"
"500027","INE100A01010"
"500028","INE447A01015"
"500029","INE448A01013"
"500031","INE193E01025"
"500032","INE306A01021"
"500033","INE451A01017"
"500034","INE296A01024"
"500038","INE119A01028"
"500039","INE213C01025"
"500040","INE055A01016"
"500041","INE459A01010"
"500042","INE373A01013"
"500043","INE176A01028"
"500048","INE258A01016"
"500049","INE263A01024"
"500052","INE922A01025"
"500055","INE824B01021"
"500058","INE819C01011"
"500059","INE071A01013"
"500060","INE800A01015"
"500067","INE472A01039"
"500068","INE131C01011"
"500069","INE418C01012"
"500074","INE110A01019"
"500078","INE959C01015"
"500083","INE281A01026"
"500084","INE486A01013"
"500085","INE085A01013"
"500086","INE302A01020"
"500087","INE059A01026"
"500089","INE303A01010"
"500092","INE007A01025"
"500093","INE067A01029"
"500096","INE016A01026"
"500097","INE495A01022"
"500101","INE034A01011"
"500102","INE294A01037"
"500103","INE257A01026"
"500104","INE094A01015"
"500106","INE039A01010"
"500108","INE153A01019"
"500109","INE103A01014"
"500110","INE178A01016"
"500111","INE013A01015"
"500112","INE062A01020"
"500113","INE114A01011"
"500114","INE280A01028"
"500116","INE008A01015"
"500117","INE500A01029"
"500119","INE041A01016"
"500120","INE591D01014"
"500123","INE280B01018"
"500124","INE089A01023"
"500125","INE126A01031"
"500126","INE199A01012"
"500128","INE086A01029"
"500132","INE928B01012"
"500133","INE284A01012"
"500135","INE255A01020"
"500136","INE778B01029"
"500139","INE249C01011"
"500141","INE912A01026"
"500142","INE512A01016"
"500144","INE235A01022"
"500147","INE515A01019"
"500148","INE516A01017"
"500150","INE519A01011"
"500153","INE388A01029"
"500155","INE526A01016"
"500159","INE085D01033"
"500160","INE043A01012"
"500163","INE260B01028"
"500164","INE233A01035"
"500165","INE531A01024"
"500166","INE300A01016"
"500168","INE533A01012"
"500170","INE537A01013"
"500171","INE539A01019"
"500173","INE538A01037"
"500179","INE236A01020"
"500180","INE040A01026"
"500182","INE158A01026"
"500183","INE548A01028"
"500184","INE019C01026"
"500185","INE549A01026"
"500186","INE345A01011"
"500187","INE415A01038"
"500188","INE267A01025"
"500189","INE353A01023"
"500191","INE262A01018"
"500193","INE102A01024"
"500199","INE204A01010"
"500201","INE560A01015"
"500207","INE156A01020"
"500209","INE009A01021"
"500210","INE177A01018"
"500211","INE901A01011"
"500212","INE898B01017"
"500213","INE262B01016"
"500214","INE570A01014"
"500215","INE209A01019"
"500219","INE175A01038"
"500220","INE711C01010"
"500223","INE945A01026"
"500227","INE197D01010"
"500228","INE019A01038"
"500231","INE864B01027"
"500233","INE217B01036"
"500234","INE437B01014"
"500235","INE907A01026"
"500238","INE716A01013"
"500239","INE104A01012"
"500240","INE266B01017"
"500241","INE732A01036"
"500243","INE250A01039"
"500245","INE884B01025"
"500246","INE601C01013"
"500247","INE237A01028"
"500249","INE999A01015"
"500250","INE337A01034"
"500251","INE849A01020"
"500252","INE269B01029"
"500253","INE115A01026"
"500254","INE292A01023"
"500255","INE862A01015"
"500257","INE326A01037"
"500259","INE933A01014"
"500260","INE331A01037"
"500264","INE270B01027"
"500265","INE271B01025"
"500266","INE288A01013"
"500267","INE201B01022"
"500268","INE201A01024"
"500271","INE180A01020"
"500279","INE831A01028"
"500280","INE485A01015"
"500284","INE846D01012"
"500285","INE285B01017"
"500288","INE083A01026"
"500290","INE883A01011"
"500292","INE578A01017"
"500294","INE868B01028"
"500295","INE205A01025"
"500296","INE290A01027"
"500298","INE585A01020"
"500300","INE047A01021"
"500302","INE140A01024"
"500304","INE161A01038"
"500306","INE903A01025"
"500307","INE910A01012"
"500312","INE213A01029"
"500313","INE591A01010"
"500314","INE750A01020"
"500315","INE141A01014"
"500317","INE142A01012"
"500319","INE557C01017"
"500322","INE167E01029"
"500325","INE002A01018"
"500327","INE600A01035"
"500329","INE202A01022"
"500330","INE301A01014"
"500331","INE318A01026"
"500333","INE751B01018"
"500335","INE340A01012"
"500336","INE335A01012"
"500337","INE032B01021"
"500338","INE010A01011"
"500339","INE855B01025"
"500343","INE606A01024"
"500346","INE609A01010"
"500350","INE611A01016"
"500354","INE562B01019"
"500355","INE613A01020"
"500356","INE278B01020"
"500357","INE425E01013"
"500360","INE350D01015"
"500365","INE731F01037"
"500366","INE293A01013"
"500367","INE642C01025"
"500368","INE619A01027"
"500370","INE924A01013"
"500371","INE538C01017"
"500378","INE324A01024"
"500380","INE786A01032"
"500387","INE070A01015"
"500388","INE970C01012"
"500390","INE036A01016"
"500399","INE629B01024"
"500400","INE245A01021"
"500402","INE937A01023"
"500403","INE387A01021"
"500404","INE947A01014"
"500405","INE663A01017"
"500407","INE277A01016"
"500408","INE670A01012"
"500410","INE012A01025"
"500411","INE152A01029"
"500412","INE338A01016"
"500413","INE332A01027"
"500414","INE064A01026"
"500418","INE932C01012"
"500420","INE685A01028"
"500421","INE578C01021"
"500422","INE019B01010"
"500425","INE079A01024"
"500429","INE037A01022"
"500439","INE701A01023"
"500440","INE038A01020"
"500444","INE976A01021"
"500449","INE048A01011"
"500456","INE818B01023"
"500459","INE179A01014"
"500460","INE304A01026"
"500463","INE676A01019"
"500464","INE139B01016"
"500467","INE544A01019"
"500469","INE171A01029"
"500470","INE081A01012"
"500472","INE640A01023"
"500477","INE208A01029"
"500480","INE298A01020"
"500483","INE151A01013"
"500488","INE358A01014"
"500490","INE118A01012"
"500493","INE465A01025"
"500495","INE042A01014"
"500500","INE253A01025"
"500510","INE018A01030"
"500520","INE101A01026"
"500530","INE323A01026"
"500540","INE342A01018"
"500547","INE029A01011"
"500550","INE003A01024"
"500570","INE155A01022"
"500575","INE226A01021"
"500620","INE017A01032"
"500645","INE501A01019"
"500650","INE369A01029"
"500655","INE291A01017"
"500660","INE159A01016"
"500670","INE113A01013"
"500672","INE234A01025"
"500674","INE058A01010"
"500676","INE264A01014"
"500680","INE182A01018"
"500690","INE026A01025"
"500696","INE030A01027"
"500710","INE133A01011"
"500730","INE163A01018"
"500770","INE092A01019"
"500777","INE148A01019"
"500780","INE217A01012"
"500790","INE239A01016"
"500800","INE192A01025"
"500820","INE021A01026"
"500825","INE216A01022"
"500830","INE259A01022"
"500840","INE230A01023"
"500850","INE053A01029"
"500870","INE172A01027"
"500875","INE154A01025"
"500877","INE438A01022"
"500878","INE482A01020"
"500890","INE832A01018"
"500940","INE183A01016"
"500945","INE352A01017"
"501150","INE660C01027"
"501179","INE221D01018"
"501242","INE911B01018"
"501298","INE620D01011"
"501301","INE672A01018"
"501351","INE154M01012"
"501370","INE695D01021"
"501391","INE855A01019"
"501423","INE151G01010"
"501425","INE050A01025"
"501455","INE224A01026"
"501700","INE131H01028"
"501827","INE631B01038"
"501833","INE490A01015"
"501848","INE446C01013"
"502015","INE443A01030"
"502090","INE229C01013"
"502137","INE583C01013"
"502157","INE347A01017"
"502165","INE290B01025"
"502168","INE732C01016"
"502175","INE626A01014"
"502180","INE232A01011"
"502219","INE666D01014"
"502281","INE094C01011"
"502330","INE435A01028"
"502355","INE787D01026"
"502407","INE776A01025"
"502420","INE592A01026"
"502445","INE906D01014"
"502448","INE927A01040"
"502450","INE630A01016"
"502465","INE260F01011"
"502587","INE777A01015"
"502742","INE429C01035"
"502761","INE113O01014"
"502820","INE498A01018"
"502865","INE518A01013"
"502901","INE462D01018"
"502937","INE087A01019"
"502958","INE938C01019"
"502986","INE825A01012"
"502995","INE272B01015"
"503031","INE138A01028"
"503092","INE909B01020"
"503100","INE211B01039"
"503101","INE182D01012"
"503127","INE491N01016"
"503162","INE750D01016"
"503169","INE301D01026"
"503205","INE164H01011"
"503229","INE167H01014"
"503310","INE665A01038"
"503349","INE203D01016"
"503657","INE255E01030"
"503659","INE948K01011"
"503691","INE479B01016"
"503722","INE629D01012"
"503776","INE170C01019"
"503804","INE204C01024"
"503806","INE647A01010"
"503811","INE076B01010"
"503831","INE241E01014"
"503837","INE796C01011"
"503960","INE464A01028"
"504000","INE579B01021"
"504008","INE078A01026"
"504028","INE064H01021"
"504036","INE835D01023"
"504058","INE567A01010"
"504067","INE520A01019"
"504076","INE511D01012"
"504084","INE813G01015"
"504092","INE716F01012"
"504093","INE795A01017"
"504112","INE045B01015"
"504132","INE418E01018"
"504176","INE783E01015"
"504212","INE279A01012"
"504220","INE100D01014"
"504258","INE284C01018"
"504269","INE761A01019"
"504286","INE393A01011"
"504378","INE812K01027"
"504605","INE361D01012"
"504614","INE385C01013"
"504646","INE106G01014"
"504697","INE255C01018"
"504701","INE530A01026"
"504741","INE323C01030"
"504746","INE359D01016"
"504786","INE155E01016"
"504810","INE123E01014"
"504840","INE375D01012"
"504879","INE569C01020"
"504903","INE336C01016"
"504908","INE340F01011"
"504918","INE149K01016"
"504959","INE755D01015"
"504960","INE356D01012"
"504961","INE895C01011"
"504966","INE422C01014"
"504973","INE149A01025"
"504988","INE380G01015"
"505010","INE449A01011"
"505029","INE446A01017"
"505036","INE451C01013"
"505075","INE878E01021"
"505141","INE959E01011"
"505160","INE187D01011"
"505163","INE116C01012"
"505192","INE294B01019"
"505196","INE806C01018"
"505200","INE066A01013"
"505216","INE782D01027"
"505230","INE184C01028"
"505232","INE232E01013"
"505242","INE221B01012"
"505250","INE631D01026"
"505255","INE541A01023"
"505283","INE811A01012"
"505299","INE731D01024"
"505324","INE867A01022"
"505343","INE811D01024"
"505355","INE317F01027"
"505358","INE984B01023"
"505368","INE617A01013"
"505400","INE435C01024"
"505412","INE274C01019"
"505502","INE953M01033"
"505509","INE688D01026"
"505526","INE966A01022"
"505533","INE274F01020"
"505537","INE256A01028"
"505590","INE308E01011"
"505650","INE178E01026"
"505665","INE779A01011"
"505681","INE469A01019"
"505688","INE561C01019"
"505700","INE205B01023"
"505710","INE266D01021"
"505711","INE282D01010"
"505712","INE705G01021"
"505714","INE524A01029"
"505720","INE688E01024"
"505726","INE559A01017"
"505729","INE638A01027"
"505737","INE403C01014"
"505744","INE529A01010"
"505750","INE636D01017"
"505790","INE513A01014"
"505800","INE384A01010"
"505827","INE568F01017"
"505840","INE058D01030"
"505850","INE545L01021"
"505854","INE391D01019"
"505872","INE765D01014"
"505890","INE717A01029"
"505978","INE440G01017"
"506003","INE618D01015"
"506016","INE022M01029"
"506022","INE603A01013"
"506027","INE866G01013"
"506074","INE968D01022"
"506076","INE536A01023"
"506079","INE651C01018"
"506105","INE441L01015"
"506109","INE727B01026"
"506122","INE820M01018"
"506128","INE383L01019"
"506146","INE370E01029"
"506159","INE888E01020"
"506184","INE879E01037"
"506194","INE643K01018"
"506197","INE416D01022"
"506222","INE189B01011"
"506235","INE426A01027"
"506248","INE275D01022"
"506260","INE489G01022"
"506261","INE737D01021"
"506285","INE462A01022"
"506315","INE658B01015"
"506365","INE320M01019"
"506390","INE492A01029"
"506395","INE169A01031"
"506401","INE288B01029"
"506405","INE505A01010"
"506414","INE225B01013"
"506480","INE077F01035"
"506520","INE693E01016"
"506522","INE430D01015"
"506525","INE138C01024"
"506528","INE881E01017"
"506532","INE265B01019"
"506579","INE321D01016"
"506590","INE602A01015"
"506597","INE841D01013"
"506605","INE752B01024"
"506618","INE277B01014"
"506642","INE888C01016"
"506655","INE659A01023"
"506685","INE405A01021"
"506687","INE687A01016"
"506690","INE351A01035"
"506720","INE719A01017"
"506734","INE741A01011"
"506767","INE150B01021"
"506808","INE400A01014"
"506820","INE203A01020"
"506852","INE607A01014"
"506854","INE639B01015"
"506858","INE636P01011"
"506863","INE716M01026"
"506879","INE942C01029"
"506910","INE703C01025"
"506919","INE987A01010"
"506943","INE572A01028"
"506947","INE334N01018"
"506981","INE472D01017"
"506991","INE875D01011"
"507155","INE574A01016"
"507180","INE133B01019"
"507205","INE133E01013"
"507265","INE044N01013"
"507300","INE615A01017"
"507315","INE623A01011"
"507410","INE711A01022"
"507435","INE687B01014"
"507438","INE076C01018"
"507442","INE988C01014"
"507450","INE409A01015"
"507458","INE696A01025"
"507474","INE991B01010"
"507488","INE075D01018"
"507490","INE625B01014"
"507498","INE544C01023"
"507508","INE909C01010"
"507514","INE480C01012"
"507515","INE557D01015"
"507522","INE410C01019"
"507525","INE866E01026"
"507526","INE073G01016"
"507552","INE976E01015"
"507580","INE043C01018"
"507598","INE014E01015"
"507621","INE588G01013"
"507645","INE339F01021"
"507652","INE679N01016"
"507685","INE075A01022"
"507690","INE247F01018"
"507717","INE435G01025"
"507747","INE910C01018"
"507753","INE284B01028"
"507779","INE694E01014"
"507785","INE123C01018"
"507789","INE048B01027"
"507794","INE745B01028"
"507813","INE296D01010"
"507815","INE322A01010"
"507817","INE469D01013"
"507828","INE880B01015"
"507836","INE435D01014"
"507864","INE746D01014"
"507872","INE372I01018"
"507878","INE694A01020"
"507880","INE054A01027"
"507886","INE780E01011"
"507892","INE664A01015"
"507910","INE296C01020"
"507944","INE704G01016"
"507960","INE621C01011"
"507970","INE143I01013"
"507981","INE726D01016"
"507998","INE657D01021"
"508136","INE489D01011"
"508306","INE643B01017"
"508486","INE979B01015"
"508494","INE712A01012"
"508571","INE788M01017"
"508664","INE553F01035"
"508670","INE605D01012"
"508807","INE684B01011"
"508814","INE757A01017"
"508860","INE206I01026"
"508869","INE437A01024"
"508905","INE641A01013"
"508906","INE295A01018"
"508918","INE791H01011"
"508922","INE331L01026"
"508933","INE193B01039"
"508939","INE526K01023"
"508941","INE013E01017"
"508954","INE734I01027"
"508956","INE549B01016"
"508989","INE060A01024"
"508996","INE086E01021"
"508998","INE696C01021"
"509009","INE218C01016"
"509020","INE413B01023"
"509026","INE117F01013"
"509038","INE763D01019"
"509040","INE040F01033"
"509048","INE572G01025"
"509051","INE300B01022"
"509055","INE392A01013"
"509069","INE669A01022"
"509077","INE980A01023"
"509079","INE742B01025"
"509084","INE107J01016"
"509148","INE011C01015"
"509152","INE137I01015"
"509162","INE802D01023"
"509220","INE034D01031"
"509243","INE421C01016"
"509438","INE664D01019"
"509449","INE026I01010"
"509472","INE145E01017"
"509480","INE463A01038"
"509486","INE479A01018"
"509488","INE371A01025"
"509496","INE686A01026"
"509525","INE515H01014"
"509550","INE259B01020"
"509557","INE276A01018"
"509567","INE426D01013"
"509627","INE551A01022"
"509631","INE545A01016"
"509635","INE310C01029"
"509675","INE557A01011"
"509692","INE061A01014"
"509709","INE575C01027"
"509715","INE364A01020"
"509820","INE275B01026"
"509874","INE849C01026"
"509895","INE832D01020"
"509930","INE195A01028"
"509966","INE710A01016"
"510245","INE804A01025"
"511000","INE856D01011"
"511012","INE457N01025"
"511034","INE742C01031"
"511064","INE099M01027"
"511066","INE302E01014"
"511072","INE202B01012"
"511076","INE065D01027"
"511092","INE047E01023"
"511108","INE705C01012"
"511110","INE848D01018"
"511116","INE527B01020"
"511122","INE609B01018"
"511131","INE344D01018"
"511144","INE520G01016"
"511147","INE549D01012"
"511153","INE096I01013"
"511196","INE477A01012"
"511208","INE050B01023"
"511218","INE721A01013"
"511243","INE121A01016"
"511288","INE580B01029"
"511333","INE709A01018"
"511355","INE429D01017"
"511359","INE556D01017"
"511389","INE703A01011"
"511391","INE661M01016"
"511411","INE472C01027"
"511413","INE559D01011"
"511431","INE051B01021"
"511451","INE899D01011"
"511463","INE191N01012"
"511473","INE841B01017"
"511501","INE900A01013"
"511505","INE707C01018"
"511509","INE380K01017"
"511523","INE882C01035"
"511525","INE376A01032"
"511533","INE135C01012"
"511539","INE533B01028"
"511543","INE777C01011"
"511549","INE367A01015"
"511551","INE903D01011"
"511557","INE732K01019"
"511559","INE289C01025"
"511585","INE425F01010"
"511589","INE323B01016"
"511593","INE212B01011"
"511601","INE216B01012"
"511605","INE420B01028"
"511607","INE814E01018"
"511609","INE569B01014"
"511611","INE891B01012"
"511628","INE417D01012"
"511630","INE699B01027"
"511654","INE309D01011"
"511658","INE027D01019"
"511672","INE099G01011"
"511676","INE289B01019"
"511682","INE326D01031"
"511688","INE963B01019"
"511698","INE655F01012"
"511702","INE290E01011"
"511706","INE357A01032"
"511724","INE020D01014"
"511726","INE946H01037"
"511728","INE006C01015"
"511736","INE981D01025"
"511738","INE241B01010"
"511740","INE239B01014"
"511754","INE861D01011"
"511764","INE819K01014"
"511766","INE296G01013"
"511768","INE677D01011"
"512018","INE135H01029"
"512047","INE510H01015"
"512068","INE945F01025"
"512070","INE628A01036"
"512093","INE234B01023"
"512131","INE529F01027"
"512135","INE322C01016"
"512149","INE758A01056"
"512161","INE650K01021"
"512175","INE685D01022"
"512179","INE805D01026"
"512217","INE730E01016"
"512229","INE379J01029"
"512237","INE070D01027"
"512247","INE894A01026"
"512257","INE895A01023"
"512267","INE200D01020"
"512289","INE196B01016"
"512296","INE458B01036"
"512297","INE408F01016"
"512299","INE324C01038"
"512301","INE417N01011"
"512344","INE068C01015"
"512359","INE093G01014"
"512369","INE755H01016"
"512393","INE037B01012"
"512437","INE412D01013"
"512449","INE254H01044"
"512453","INE564J01018"
"512455","INE281B01032"
"512481","INE012F01016"
"512489","INE876A01015"
"512493","INE590B01010"
"512519","INE668D01028"
"512527","INE091C01017"
"512529","INE807F01027"
"512531","INE655A01013"
"512535","INE933C01036"
"512559","INE080B01012"
"512573","INE871C01020"
"512579","INE110D01013"
"512587","INE077B01018"
"512599","INE423A01024"
"512608","INE474E01029"
"512618","INE629C01014"
"512626","INE231G01010"
"512634","INE104E01014"
"513005","INE114E01013"
"513010","INE674A01014"
"513023","INE725A01022"
"513043","INE158G01015"
"513059","INE736H01024"
"513063","INE360D01014"
"513097","INE386D01027"
"513108","INE524B01027"
"513117","INE991A01020"
"513121","INE730A01022"
"513142","INE135A01024"
"513149","INE950D01012"
"513173","INE205F01016"
"513179","INE088B01015"
"513216","INE699A01011"
"513228","INE932A01024"
"513250","INE197A01024"
"513252","INE289D01015"
"513262","INE802C01017"
"513269","INE993A01026"
"513295","INE611C01012"
"513303","INE001F01019"
"513309","INE327C01023"
"513335","INE425A01011"
"513349","INE298G01027"
"513353","INE105D01013"
"513361","INE072A01029"
"513369","INE013J01016"
"513375","INE120A01034"
"513377","INE123F01029"
"513397","INE457E01016"
"513401","INE587D01012"
"513414","INE215G01021"
"513430","INE501L01024"
"513434","INE056C01010"
"513436","INE640C01011"
"513446","INE743C01013"
"513456","INE791E01018"
"513472","INE658D01011"
"513498","INE308N01012"
"513509","INE314G01014"
"513511","INE798F01010"
"513513","INE570B01012"
"513515","INE329C01011"
"513517","INE124E01020"
"513519","INE450D01021"
"513528","INE741B01027"
"513532","INE770A01010"
"513534","INE458E01014"
"513536","INE207H01018"
"513544","INE277E01026"
"513548","INE385M01012"
"513554","INE451L01014"
"513566","INE608C01026"
"513575","INE067E01013"
"513597","INE659D01019"
"513599","INE531E01026"
"513605","INE943C01027"
"513642","INE197C01012"
"513648","INE942E01017"
"513683","INE589A01014"
"513687","INE848B01012"
"513691","INE988E01036"
"513693","INE434C01019"
"513709","INE960A01017"
"513713","INE146C01019"
"513729","INE210C01013"
"514010","INE723D01021"
"514030","INE272C01013"
"514034","INE187A01017"
"514043","INE049A01027"
"514045","INE594B01012"
"514087","INE501F01018"
"514113","INE207C01019"
"514118","INE220A01032"
"514128","INE517D01019"
"514138","INE132C01027"
"514140","INE431C01023"
"514142","INE592B01016"
"514144","INE207A01013"
"514162","INE192B01031"
"514165","INE862B01013"
"514167","INE845D01014"
"514171","INE760J01012"
"514175","INE835A01011"
"514183","INE761G01016"
"514211","INE235C01010"
"514215","INE118K01011"
"514221","INE218A01028"
"514234","INE495C01010"
"514238","INE874A01010"
"514240","INE979D01011"
"514264","INE707B01010"
"514266","INE106C01013"
"514272","INE436C01014"
"514274","INE273D01019"
"514286","INE440A01010"
"514300","INE156C01018"
"514302","INE660D01017"
"514316","INE969C01014"
"514322","INE535C01013"
"514326","INE790C01014"
"514336","INE194N01016"
"514348","INE784B01035"
"514358","INE339D01026"
"514394","INE022N01019"
"514400","INE340D01016"
"514412","INE305D01019"
"514418","INE370D01013"
"514428","INE074C01013"
"514442","INE009C01019"
"514448","INE577D01013"
"514450","INE112D01035"
"514460","INE670H01017"
"514470","INE837B01031"
"514474","INE719D01011"
"515018","INE277C01012"
"515030","INE439A01020"
"515037","INE692B01014"
"515043","INE068B01017"
"515055","INE242C01024"
"515059","INE469C01023"
"515085","INE298E01022"
"515093","INE925C01016"
"515127","INE650D01018"
"515145","INE952A01022"
"515147","INE506D01020"
"516003","INE932D01010"
"516007","INE805B01012"
"516016","INE231C01019"
"516020","INE112C01011"
"516022","INE733A01018"
"516030","INE551D01018"
"516064","INE570D01018"
"516072","INE270I01014"
"516078","INE699D01015"
"516082","INE740D01017"
"516086","INE617D01017"
"516092","INE105C01023"
"516096","INE384D01022"
"516106","INE538D01015"
"516108","INE088G01014"
"517015","INE707A01012"
"517035","INE302D01016"
"517041","INE045A01017"
"517059","INE457F01013"
"517063","INE919C01019"
"517080","INE361M01021"
"517096","INE273A01015"
"517119","INE834B01012"
"517140","INE739A01015"
"517146","INE228A01035"
"517164","INE598B01013"
"517166","INE252A01019"
"517168","INE287B01021"
"517174","INE671A01010"
"517201","INE311D01017"
"517206","INE162B01018"
"517214","INE927C01020"
"517224","INE216G01011"
"517228","INE219F01017"
"517246","INE788D01016"
"517258","INE143C01024"
"517271","INE292B01021"
"517296","INE455B01016"
"517300","INE162A01010"
"517330","INE981B01011"
"517334","INE775A01035"
"517344","INE110B01017"
"517354","INE176B01034"
"517356","INE167B01025"
"517370","INE437C01012"
"517380","INE188B01013"
"517385","INE225D01027"
"517393","INE043B01028"
"517399","INE756A01019"
"517411","INE635A01023"
"517415","INE791B01014"
"517417","INE082C01024"
"517421","INE295F01017"
"517437","INE940C01015"
"517447","INE165B01029"
"517449","INE437D01010"
"517467","INE415B01036"
"517477","INE033C01019"
"517481","INE421N01021"
"517498","INE855C01015"
"517500","INE535D01029"
"517506","INE690A01010"
"517514","INE589D01018"
"517518","INE245C01019"
"517522","INE451D01011"
"517530","INE130B01031"
"517536","INE229A01017"
"517544","INE320B01020"
"517548","INE035C01022"
"517554","INE141C01028"
"517556","INE362A01016"
"517562","INE948A01012"
"517564","INE769B01010"
"517569","INE878B01027"
"517571","INE065B01013"
"518011","INE145L01012"
"518029","INE542A01039"
"518075","INE069E01019"
"518091","INE071F01012"
"519003","INE537F01012"
"519031","INE455D01012"
"519091","INE488B01017"
"519097","INE534D01014"
"519105","INE488D01021"
"519126","INE254N01018"
"519136","INE289A01011"
"519152","INE693D01018"
"519156","INE694D01016"
"519183","INE982B01019"
"519214","INE188E01017"
"519216","INE601B01015"
"519224","INE210A01017"
"519230","INE102C01020"
"519248","INE430G01026"
"519260","INE890C01046"
"519262","INE297D01018"
"519285","INE906C01016"
"519287","INE617B01011"
"519295","INE921D01013"
"519307","INE706A01022"
"519353","INE856E01019"
"519359","INE809E01018"
"519383","INE087B01017"
"519421","INE953E01014"
"519457","INE295C01014"
"519475","INE975C01011"
"519477","INE052V01019"
"519479","INE112B01013"
"519483","INE358D01018"
"519491","INE049J01010"
"519494","INE542C01019"
"519532","INE822B01017"
"519552","INE978A01019"
"519560","INE874D01022"
"519566","INE354D01017"
"519570","INE992B01026"
"519588","INE456C01012"
"519600","INE421D01022"
"519602","INE164B01022"
"519612","INE734D01010"
"520008","INE209B01025"
"520021","INE090B01011"
"520043","INE577A01027"
"520051","INE039C01024"
"520056","INE105A01035"
"520057","INE643A01035"
"520059","INE672B01032"
"520066","INE571B01028"
"520073","INE704B01017"
"520075","INE706B01012"
"520077","INE130C01021"
"520086","INE075B01012"
"520111","INE703B01027"
"520113","INE386A01015"
"520119","INE900C01027"
"520123","INE125D01011"
"520127","INE654B01014"
"520151","INE757B01015"
"520155","INE580C01019"
"521005","INE807M01023"
"521014","INE022C01012"
"521016","INE483B01026"
"521018","INE882A01013"
"521030","INE559B01023"
"521034","INE314C01013"
"521062","INE814L01013"
"521064","INE064C01014"
"521070","INE270A01011"
"521076","INE988A01026"
"521082","INE376C01020"
"521097","INE484D01012"
"521105","INE482O01021"
"521109","INE123B01028"
"521113","INE691D01012"
"521127","INE964G01016"
"521131","INE363D01018"
"521141","INE122D01026"
"521149","INE419E01024"
"521161","INE456D01010"
"521163","INE206B01013"
"521167","INE485D01035"
"521180","INE662A01027"
"521182","INE454D01015"
"521194","INE923A01015"
"521200","INE713B01026"
"521206","INE931D01020"
"521220","INE497D01014"
"521226","INE980D01019"
"521234","INE443E01016"
"521240","INE304D01012"
"521242","INE292D01019"
"521248","INE602G01020"
"522001","INE608B01010"
"522004","INE177C01022"
"522005","INE759F01012"
"522014","INE961D01019"
"522017","INE459C01016"
"522029","INE052A01021"
"522034","INE631A01022"
"522064","INE634A01018"
"522073","INE127B01011"
"522074","INE285A01027"
"522085","INE290C01015"
"522101","INE338F01015"
"522105","INE372E01025"
"522108","INE384C01016"
"522113","INE325A01013"
"522122","INE285C01015"
"522134","INE133D01023"
"522152","INE410A01013"
"522163","INE989C01012"
"522165","INE867D01018"
"522183","INE478D01014"
"522195","INE572D01014"
"522205","INE074A01025"
"522207","INE682D01011"
"522209","INE429B01011"
"522215","INE461D01010"
"522217","INE826C01016"
"522229","INE692C01020"
"522231","INE714D01012"
"522241","INE227C01017"
"522245","INE079L01013"
"522249","INE040D01038"
"522251","INE627F01011"
"522257","INE535F01024"
"522261","INE920A01011"
"522263","INE890A01016"
"522267","INE466D01019"
"522273","INE868C01018"
"522275","INE200A01026"
"522281","INE207E01023"
"522285","INE854B01010"
"522287","INE220B01022"
"522292","INE713D01055"
"522294","INE811B01010"
"522295","INE663B01015"
"522650","INE142E01014"
"523007","INE030C01015"
"523011","INE080A01014"
"523019","INE710D01010"
"523021","INE989D01010"
"523023","INE985A01014"
"523025","INE429E01015"
"523062","INE584C01011"
"523100","INE124B01018"
"523105","INE293E01023"
"523120","INE628D01014"
"523127","INE276C01014"
"523144","INE442D01010"
"523160","INE599F01012"
"523204","INE421A01028"
"523207","INE760A01029"
"523222","INE173J01018"
"523229","INE415D01024"
"523232","INE369D01015"
"523236","INE633A01028"
"523248","INE082B01018"
"523260","INE844A01013"
"523261","INE398A01010"
"523269","INE199C01026"
"523277","INE395B01048"
"523283","INE712B01010"
"523301","INE822C01015"
"523319","INE164A01016"
"523323","INE177F01017"
"523329","INE668G01013"
"523367","INE499A01024"
"523369","INE843D01019"
"523371","INE636A01039"
"523385","INE310A01015"
"523387","INE982C01033"
"523391","INE308A01027"
"523395","INE470A01017"
"523398","INE782A01015"
"523405","INE780C01023"
"523411","INE833A01016"
"523419","INE141D01018"
"523445","INE046A01015"
"523449","INE207B01011"
"523457","INE473A01011"
"523465","INE969D01012"
"523467","INE250C01027"
"523483","INE883C01025"
"523523","INE028D01025"
"523537","INE170D01025"
"523539","INE372C01029"
"523550","INE951B01014"
"523566","INE199D01016"
"523574","INE623B01027"
"523586","INE826B01018"
"523592","INE819B01021"
"523594","INE638D01021"
"523598","INE109A01011"
"523606","INE438E01016"
"523610","INE248A01017"
"523618","INE506A01018"
"523620","INE486I01016"
"523628","INE888B01018"
"523630","INE870D01012"
"523638","INE558A01019"
"523642","INE603J01030"
"523648","INE083C01022"
"523650","INE823D01011"
"523652","INE465K01016"
"523660","INE054C01015"
"523672","INE954B01018"
"523676","INE798D01015"
"523694","INE116A01024"
"523696","INE842B01015"
"523704","INE759A01021"
"523708","INE158B01016"
"523710","INE318C01014"
"523716","INE365D01021"
"523722","INE119B01018"
"523724","INE806F01011"
"523732","INE866A01016"
"523736","INE477B01010"
"523754","INE215D01010"
"523756","INE872A01014"
"523768","INE059C01022"
"523790","INE344E01016"
"523792","INE885E01034"
"523796","INE048C01017"
"523810","INE611B01022"
"523820","INE851C01014"
"523828","INE071D01033"
"523836","INE610B01024"
"523838","INE059B01024"
"523840","INE965C01038"
"523842","INE460D01038"
"523850","INE767C01012"
"523890","INE891A01014"
"524000","INE511C01022"
"524013","INE806J01013"
"524019","INE473D01015"
"524037","INE809A01024"
"524038","INE204D01022"
"524051","INE633B01018"
"524075","INE155C01010"
"524080","INE681F01018"
"524084","INE274B01011"
"524091","INE482D01016"
"524109","INE900B01029"
"524129","INE250B01029"
"524136","INE417E01010"
"524164","INE485C01011"
"524174","INE133C01033"
"524200","INE410B01029"
"524202","INE058I01013"
"524204","INE757D01011"
"524208","INE769A01020"
"524210","INE702E01015"
"524212","INE107F01022"
"524218","INE486D01017"
"524226","INE036B01022"
"524230","INE027A01015"
"524280","INE082A01010"
"524288","INE008B01013"
"524314","INE499G01013"
"524322","INE323K01017"
"524324","INE573R01012"
"524330","INE785A01026"
"524332","INE412G01016"
"524336","INE065E01017"
"524342","INE803D01013"
"524348","INE767A01016"
"524370","INE338D01028"
"524372","INE191A01019"
"524394","INE579C01029"
"524396","INE829A01014"
"524400","INE806D01016"
"524404","INE750C01026"
"524412","INE198H01019"
"524440","INE198C01010"
"524444","INE313M01014"
"524470","INE312C01025"
"524480","INE249D01019"
"524488","INE038B01010"
"524494","INE571A01020"
"524500","INE729D01010"
"524506","INE683E01017"
"524516","INE711D01018"
"524518","INE268B01013"
"524520","INE879K01018"
"524522","INE919B01011"
"524540","INE930C01016"
"524542","INE450E01011"
"524558","INE794A01010"
"524564","INE052E01015"
"524570","INE371C01013"
"524576","INE737C01023"
"524580","INE686C01014"
"524582","INE314D01011"
"524590","INE422G01015"
"524592","INE263B01022"
"524594","INE994D01010"
"524598","INE542B01011"
"524606","INE415H01017"
"524610","INE886C01010"
"524632","INE551C01028"
"524634","INE058F01019"
"524640","INE078I01011"
"524648","INE760F01010"
"524652","INE788B01028"
"524654","INE936B01015"
"524663","INE994B01014"
"524667","INE035D01012"
"524669","INE782E01017"
"524675","INE645C01010"
"524687","INE473E01021"
"524689","INE904D01019"
"524699","INE655C01027"
"524703","INE751D01014"
"524709","INE295D01020"
"524711","INE427C01021"
"524715","INE044A01036"
"524717","INE150C01011"
"524727","INE004E01016"
"524731","INE354A01013"
"524735","INE475B01022"
"524742","INE475E01026"
"524748","INE302F01011"
"524752","INE643N01012"
"524758","INE812C01016"
"524764","INE230G01020"
"524768","INE634B01016"
"524774","INE887E01022"
"524790","INE334C01029"
"524804","INE406A01037"
"524808","INE037C01010"
"524816","INE987B01026"
"524818","INE457C01010"
"524820","INE305C01029"
"524824","INE083D01012"
"524828","INE278D01018"
"526001","INE593O01017"
"526025","INE064L01015"
"526027","INE144D01012"
"526043","INE809B01014"
"526093","INE176C01016"
"526117","INE011D01013"
"526133","INE881B01054"
"526137","INE278C01010"
"526139","INE773D01018"
"526143","INE343A01016"
"526159","INE926C01014"
"526161","INE175C01018"
"526169","INE678F01014"
"526173","INE449C01025"
"526179","INE983C01015"
"526195","INE552E01014"
"526217","INE120D01012"
"526227","INE816B01019"
"526235","INE934B01028"
"526237","INE902C01015"
"526241","INE762C01021"
"526247","INE863B01011"
"526263","INE835B01035"
"526285","INE666B01018"
"526299","INE356A01018"
"526301","INE047C01019"
"526315","INE410G01010"
"526325","INE609C01024"
"526355","INE138B01018"
"526365","INE967A01012"
"526367","INE460C01014"
"526371","INE584A01023"
"526381","INE529D01014"
"526397","INE137C01018"
"526407","INE299D01014"
"526409","INE301C01028"
"526415","INE870B01016"
"526423","INE479D01038"
"526433","INE867C01010"
"526435","INE759I01016"
"526468","INE940E01011"
"526471","INE391C01011"
"526477","INE118B01010"
"526479","INE765B01018"
"526481","INE245B01011"
"526492","INE582D01013"
"526504","INE796B01013"
"526512","INE959G01016"
"526519","INE840D01015"
"526521","INE999B01013"
"526523","INE315L01029"
"526525","INE550D01010"
"526538","INE161B01036"
"526544","INE967B01028"
"526546","INE493D01013"
"526550","INE652F01027"
"526554","INE159C01012"
"526558","INE510D01014"
"526576","INE778A01021"
"526582","INE413G01014"
"526586","INE015B01018"
"526588","INE813B01016"
"526594","INE735G01010"
"526596","INE557B01019"
"526604","INE845B01018"
"526608","INE822G01016"
"526612","INE233B01017"
"526614","INE561D01025"
"526616","INE233D01013"
"526622","INE244C01020"
"526640","INE008C01011"
"526642","INE771A01026"
"526650","INE305A01015"
"526652","INE040C01022"
"526666","INE828A01016"
"526668","INE967C01018"
"526687","INE084C01012"
"526689","INE138D01014"
"526703","INE423D01010"
"526705","INE095B01010"
"526707","INE964B01033"
"526711","INE627D01016"
"526717","INE136C01036"
"526721","INE653C01022"
"526723","INE920C01017"
"526725","INE583B01015"
"526727","INE797D01017"
"526729","INE025B01017"
"526731","INE630D01010"
"526735","INE501O01036"
"526737","INE871E01018"
"526739","INE869A01010"
"526747","INE078D01012"
"526755","INE548D01014"
"526761","INE931B01016"
"526775","INE760B01019"
"526783","INE934C01018"
"526797","INE461C01038"
"526799","INE338N01019"
"526801","INE474B01017"
"526807","INE497B01018"
"526813","INE753B01014"
"526817","INE974B01016"
"526821","INE928C01010"
"526823","INE016C01014"
"526827","INE882D01017"
"526829","INE552D01024"
"526839","INE413C01013"
"526847","INE338C01012"
"526849","INE655B01011"
"526851","INE480H01011"
"526853","INE986A01012"
"526861","INE988D01012"
"526865","INE966C01010"
"526881","INE111B01023"
"526885","INE453D01025"
"526899","INE552B01010"
"526905","INE743D01011"
"526917","INE659B01021"
"526921","INE253B01015"
"526927","INE991C01034"
"526931","INE400G01011"
"526947","INE059D01020"
"526951","INE239C01012"
"526953","INE411B01019"
"526957","INE493E01029"
"526971","INE313G01016"
"526981","INE402H01015"
"526987","INE550C01020"
"527001","INE348A01023"
"530001","INE186A01019"
"530005","INE383A01012"
"530007","INE573A01042"
"530011","INE558B01017"
"530017","INE173A01025"
"530019","INE700A01033"
"530023","INE924D01017"
"530035","INE612D01018"
"530043","INE326C01017"
"530045","INE090D01017"
"530047","INE313D01013"
"530049","INE408B01015"
"530053","INE055E01026"
"530063","INE095C01018"
"530067","INE718F01018"
"530073","INE989A01024"
"530075","INE818A01017"
"530077","INE795D01011"
"530079","INE963C01033"
"530093","INE715F01014"
"530095","INE656B01019"
"530111","INE639C01013"
"530117","INE959A01019"
"530125","INE103E01016"
"530127","INE446D01011"
"530129","INE445D01013"
"530131","INE225C01029"
"530133","INE924B01011"
"530135","INE350C01017"
"530145","INE017C01012"
"530149","INE219A01026"
"530151","INE256G01033"
"530163","INE817B01025"
"530167","INE153K01018"
"530169","INE388C01017"
"530175","INE213B01019"
"530185","INE936A01025"
"530187","INE354E01023"
"530191","INE662C01015"
"530199","INE083B01016"
"530201","INE629F01025"
"530207","INE899B01015"
"530215","INE050N01010"
"530233","INE292C01011"
"530235","INE533C01018"
"530239","INE495B01038"
"530243","INE820B01011"
"530249","INE958C01017"
"530251","INE001O01029"
"530255","INE961B01013"
"530259","INE003B01014"
"530263","INE062C01034"
"530271","INE652D01014"
"530299","INE823A01017"
"530305","INE546C01010"
"530307","INE419D01026"
"530309","INE368D01017"
"530315","INE428D01019"
"530317","INE362C01012"
"530331","INE001E01012"
"530333","INE128F01010"
"530341","INE596B01017"
"530343","INE955D01029"
"530355","INE276G01015"
"530363","INE071E01023"
"530365","INE607D01018"
"530367","INE349A01021"
"530369","INE380C01014"
"530377","INE937C01029"
"530381","INE742A01019"
"530401","INE526H01011"
"530405","INE356F01017"
"530407","INE932F01015"
"530419","INE886B01012"
"530421","INE430F01010"
"530427","INE865B01016"
"530431","INE853A01022"
"530433","INE960E01019"
"530439","INE140C01012"
"530445","INE764B01029"
"530449","INE347C01013"
"530459","INE808A01018"
"530461","INE440C01016"
"530475","INE015C01016"
"530477","INE337E01010"
"530499","INE701G01012"
"530517","INE131B01039"
"530521","INE467D01017"
"530525","INE786J01017"
"530543","INE941E01019"
"530545","INE949B01018"
"530549","INE790G01031"
"530555","INE074B01023"
"530557","INE132F01020"
"530571","INE335G01019"
"530577","INE519D01015"
"530579","INE152C01025"
"530581","INE906L01017"
"530585","INE691C01014"
"530589","INE573B01016"
"530601","INE582C01015"
"530609","INE081B01010"
"530611","INE134F01026"
"530617","INE375C01014"
"530621","INE864E01013"
"530627","INE834D01018"
"530655","INE127I01024"
"530665","INE812B01026"
"530689","INE624M01014"
"530695","INE233C01023"
"530697","INE546F01013"
"530699","INE533D01024"
"530703","INE804D01029"
"530711","INE144C01014"
"530713","INE229B01015"
"530715","INE093B01015"
"530721","INE017D01010"
"530723","INE041B01014"
"530741","INE812S01012"
"530745","INE366C01013"
"530759","INE334A01023"
"530773","INE875A01025"
"530777","INE287D01019"
"530779","INE118C01018"
"530789","INE358C01010"
"530803","INE354C01027"
"530805","INE125F01024"
"530809","INE355C01016"
"530813","INE001B01026"
"530815","INE428C01011"
"530821","INE838C01011"
"530825","INE789B01018"
"530829","INE830A01012"
"530839","INE011B01017"
"530843","INE509F01011"
"530845","INE199E01014"
"530859","INE496D01016"
"530867","INE320C01010"
"530871","INE995D01025"
"530883","INE366G01014"
"530889","INE061B01020"
"530897","INE825C01018"
"530919","INE474C01015"
"530931","INE457D01018"
"530943","INE416A01036"
"530953","INE224D01012"
"530959","INE012E01035"
"530961","INE806A01020"
"530965","INE242A01010"
"530971","INE470M01020"
"530973","INE042C01010"
"530977","INE260E01014"
"530979","INE274E01015"
"530991","INE443C01010"
"530997","INE333E01019"
"530999","INE050E01027"
"531025","INE309H01020"
"531027","INE267E01019"
"531041","INE823B01015"
"531043","INE239F01015"
"531069","INE362D01010"
"531080","INE997I01012"
"531082","INE914E01040"
"531083","INE876E01033"
"531092","INE239D01028"
"531099","INE396H01019"
"531109","INE561M01018"
"531120","INE244B01030"
"531127","INE148B01025"
"531129","INE635D01027"
"531146","INE646B01010"
"531147","INE062D01024"
"531153","INE650C01028"
"531156","INE883B01019"
"531157","INE412E01011"
"531158","INE660B01011"
"531161","INE850B01026"
"531162","INE548C01032"
"531173","INE121D01036"
"531175","INE606B01022"
"531176","INE186C01015"
"531178","INE930A01010"
"531179","INE109C01017"
"531196","INE297L01011"
"531199","INE580D01017"
"531201","INE024F01011"
"531209","INE096B01018"
"531212","INE606C01012"
"531213","INE522D01027"
"531215","INE005C01017"
"531216","INE819A01023"
"531223","INE364D01032"
"531228","INE821D01031"
"531233","INE822D01021"
"531241","INE802B01019"
"531253","INE342D01012"
"531254","INE031G01014"
"531255","INE015E01012"
"531266","INE764D01017"
"531272","INE526C01012"
"531273","INE986B01036"
"531278","INE785D01012"
"531281","INE807H01015"
"531287","INE896D01017"
"531289","INE643C01015"
"531297","INE885B01014"
"531300","INE053D01015"
"531306","INE590D01016"
"531323","INE250D01017"
"531324","INE475C01012"
"531328","INE128R01015"
"531335","INE768C01010"
"531336","INE662I01012"
"531337","INE974C01022"
"531339","INE343D01010"
"531343","INE954M01031"
"531344","INE111A01017"
"531346","INE500D01015"
"531349","INE922B01023"
"531358","INE102B01014"
"531359","INE777G01012"
"531367","INE892A01020"
"531373","INE319B01014"
"531381","INE413D01011"
"531390","INE890B01014"
"531397","INE262C01014"
"531398","INE679C01027"
"531400","INE326B01027"
"531404","INE871B01014"
"531410","INE587F01017"
"531411","INE560D01027"
"531417","INE804B01023"
"531426","INE107A01015"
"531429","INE101C01022"
"531431","INE908D01010"
"531433","INE271D01013"
"531437","INE523I01016"
"531439","INE805A01014"
"531447","INE644B01049"
"531449","INE192H01012"
"531453","INE954E01012"
"531454","INE323D01020"
"531456","INE952C01028"
"531460","INE545B01022"
"531463","INE377M01027"
"531467","INE647D01014"
"531471","INE397G01019"
"531472","INE183D01010"
"531486","INE600B01033"
"531489","INE084D01010"
"531494","INE268H01010"
"531497","INE378D01032"
"531499","INE080D01034"
"531500","INE343B01030"
"531502","INE404L01021"
"531508","INE128A01029"
"531518","INE767B01014"
"531519","INE784D01015"
"531522","INE904G01038"
"531524","INE306B01029"
"531525","INE849B01010"
"531531","INE473B01035"
"531533","INE578B01015"
"531539","INE864D01015"
"531540","INE392G01010"
"531541","INE881A01015"
"531543","INE247D01013"
"531547","INE329E01017"
"531548","INE355A01028"
"531552","INE754B01012"
"531556","INE558D01013"
"531568","INE723K01018"
"531569","INE860D01013"
"531574","INE192C01013"
"531582","INE508J01015"
"531590","INE952D01018"
"531591","INE802A01029"
"531595","INE180C01026"
"531598","INE301B01020"
"531599","INE258B01022"
"531608","INE792J01015"
"531611","INE063D01030"
"531612","INE196C01022"
"531613","INE100C01024"
"531616","INE347I01010"
"531621","INE157B01026"
"531624","INE695B01025"
"531633","INE405C01035"
"531637","INE722B01019"
"531638","INE713C01016"
"531642","INE196A01026"
"531644","INE546D01018"
"531650","INE761B01017"
"531652","INE528C01018"
"531661","INE863C01019"
"531668","INE661D01015"
"531680","INE799E01011"
"531686","INE537C01019"
"531687","INE299C01024"
"531688","INE621B01021"
"531692","INE593B01030"
"531695","INE008M01044"
"531703","INE884D01039"
"531712","INE532D01018"
"531717","INE632C01026"
"531719","INE414D01019"
"531723","INE224E01028"
"531726","INE316G01019"
"531727","INE650G01029"
"531737","INE414C01029"
"531738","INE913A01024"
"531739","INE509C01026"
"531744","INE548B01018"
"531746","INE505C01016"
"531752","INE703D01023"
"531761","INE126J01016"
"531762","INE576D01015"
"531768","INE205C01021"
"531769","INE600F01018"
"531780","INE229G01022"
"531791","INE517G01012"
"531795","INE951D01028"
"531802","INE426H01014"
"531810","INE161E01014"
"531814","INE297J01023"
"531816","INE194B01029"
"531822","INE513E01024"
"531831","INE200B01016"
"531840","INE172B01017"
"531841","INE935D01013"
"531842","INE515C01023"
"531845","INE318D01020"
"531855","INE538J01012"
"531859","INE457G01011"
"531861","INE024B01010"
"531862","INE842D01011"
"531867","INE929K01011"
"531869","INE433G01012"
"531878","INE283D01018"
"531879","INE889E01010"
"531881","INE146F01020"
"531882","INE775B01025"
"531888","INE687C01012"
"531892","INE060B01014"
"531898","INE617F01038"
"531900","INE778E01031"
"531921","INE204E01012"
"531923","INE956B01013"
"531934","INE651G01027"
"531936","INE657B01025"
"531950","INE316D01024"
"531952","INE811H01017"
"531977","INE558F01026"
"531978","INE540G01014"
"531979","INE227B01019"
"531996","INE839E01023"
"532005","INE653D01012"
"532016","INE176O01011"
"532022","INE185E01013"
"532025","INE826D01014"
"532033","INE486B01011"
"532035","INE808C01014"
"532039","INE486F01012"
"532041","INE597C01013"
"532051","INE409B01013"
"532053","INE121B01014"
"532054","INE291D01011"
"532056","INE398H01015"
"532057","INE516F01016"
"532067","INE994E01018"
"532070","INE311N01016"
"532081","INE216D01026"
"532090","INE219M01021"
"532097","INE022B01014"
"532100","INE456B01014"
"532102","INE948G01019"
"532106","INE385B01031"
"532114","INE646D01024"
"532121","INE077A01010"
"532123","INE395A01016"
"532124","INE419H01019"
"532127","INE770B01026"
"532129","INE093A01033"
"532133","INE023B01012"
"532134","INE028A01039"
"532139","INE634D01038"
"532140","INE154B01015"
"532141","INE666E01012"
"532143","INE411D01015"
"532144","INE191B01025"
"532145","INE731B01010"
"532149","INE084A01016"
"532150","INE681B01017"
"532155","INE129A01019"
"532156","INE884A01019"
"532162","INE789E01012"
"532163","INE979A01017"
"532172","INE737B01033"
"532173","INE214A01019"
"532174","INE090A01021"
"532175","INE136B01020"
"532178","INE510A01028"
"532179","INE112A01023"
"532180","INE680A01011"
"532181","INE131A01031"
"532183","INE622E01023"
"532187","INE095A01012"
"532189","INE353K01014"
"532209","INE168A01041"
"532210","INE491A01021"
"532212","INE731A01020"
"532215","INE238A01034"
"532216","INE550B01014"
"532218","INE683A01023"
"532219","INE306C01019"
"532221","INE269A01021"
"532230","INE665D01016"
"532234","INE139A01034"
"532240","INE092B01017"
"532254","INE763A01023"
"532256","INE023A01030"
"532259","INE372A01015"
"532268","INE793A01012"
"532271","INE215B01022"
"532275","INE394C01023"
"532276","INE667A01018"
"532281","INE860A01027"
"532282","INE068D01021"
"532284","INE389D01013"
"532285","INE007B01023"
"532286","INE749A01030"
"532290","INE791A01024"
"532296","INE935A01035"
"532300","INE049B01025"
"532301","INE493A01027"
"532304","INE602C01011"
"532305","INE915B01019"
"532307","INE817A01019"
"532309","INE878A01011"
"532310","INE879A01019"
"532313","INE813A01018"
"532321","INE010B01027"
"532323","INE555C01029"
"532324","INE039B01026"
"532326","INE781A01025"
"532329","INE310B01013"
"532330","INE998A01017"
"532331","INE031B01049"
"532332","INE117B01012"
"532333","INE638B01017"
"532334","INE640B01013"
"532339","INE453B01029"
"532340","INE369B01019"
"532341","INE848A01014"
"532342","INE354B01029"
"532343","INE494B01023"
"532344","INE002B01016"
"532345","INE152B01027"
"532348","INE754A01014"
"532349","INE688A01022"
"532350","INE243B01016"
"532351","INE523B01011"
"532354","INE400B01020"
"532355","INE448B01029"
"532356","INE256C01024"
"532357","INE374B01019"
"532362","INE099E01016"
"532364","INE519B01019"
"532365","INE417B01040"
"532366","INE859A01011"
"532368","INE425B01027"
"532369","INE614A01028"
"532370","INE246B01019"
"532371","INE517B01013"
"532372","INE539B01017"
"532373","INE434B01029"
"532374","INE089C01029"
"532375","INE716B01011"
"532376","INE398B01018"
"532378","INE464B01018"
"532379","INE683B01047"
"532380","INE893A01036"
"532382","INE794B01026"
"532384","INE443B01012"
"532386","INE526B01014"
"532387","INE392B01011"
"532388","INE565A01014"
"532390","INE586B01026"
"532391","INE808B01016"
"532392","INE230B01021"
"532395","INE555B01013"
"532397","INE971A01014"
"532398","INE240C01028"
"532400","INE836A01035"
"532401","INE705A01016"
"532404","INE856B01015"
"532406","INE005B01019"
"532407","INE935B01025"
"532408","INE933B01012"
"532410","INE330E01023"
"532411","INE861A01058"
"532413","INE345B01019"
"532414","INE052C01027"
"532416","INE747B01016"
"532418","INE434A01013"
"532419","INE178C01020"
"532424","INE102D01028"
"532430","INE243D01012"
"532432","INE854D01016"
"532435","INE799C01015"
"532439","INE260D01016"
"532440","INE943D01017"
"532443","INE739E01017"
"532444","INE541C01037"
"532454","INE397D01024"
"532455","INE655D01025"
"532456","INE070C01037"
"532457","INE255D01024"
"532459","INE207D01017"
"532460","INE838E01017"
"532461","INE160A01022"
"532466","INE881D01027"
"532467","INE550F01023"
"532468","INE411F01010"
"532475","INE266F01018"
"532477","INE692A01016"
"532478","INE686F01025"
"532479","INE732F01019"
"532480","INE428A01015"
"532481","INE781B01015"
"532482","INE101D01020"
"532483","INE476A01014"
"532485","INE525F01017"
"532486","INE637C01017"
"532488","INE361B01024"
"532493","INE386C01029"
"532497","INE944F01028"
"532498","INE722A01011"
"532500","INE585B01010"
"532503","INE296E01026"
"532504","INE048G01026"
"532505","INE691A01018"
"532507","INE116D01028"
"532508","INE220G01021"
"532509","INE399C01030"
"532511","INE223G01017"
"532513","INE236G01019"
"532514","INE203G01019"
"532515","INE038F01029"
"532518","INE211G01020"
"532521","INE218G01033"
"532522","INE347G01014"
"532523","INE376G01013"
"532524","INE877F01012"
"532525","INE457A01014"
"532527","INE399G01015"
"532528","INE365B01017"
"532529","INE155G01029"
"532531","INE939A01011"
"532532","INE455F01025"
"532538","INE481G01011"
"532539","INE405E01023"
"532540","INE467B01029"
"532541","INE591G01017"
"532543","INE586G01017"
"532548","INE348B01021"
"532553","INE625G01013"
"532555","INE733E01010"
"532604","INE658G01014"
"532605","INE927D01028"
"532609","INE673G01013"
"532610","INE366A01033"
"532612","INE873D01024"
"532613","INE450G01024"
"532614","INE691G01015"
"532616","INE692G01013"
"532617","INE802G01018"
"532621","INE161G01027"
"532622","INE852F01015"
"532624","INE796G01012"
"532626","INE063E01046"
"532627","INE351F01018"
"532628","INE748C01020"
"532629","INE748A01016"
"532630","INE887G01027"
"532633","INE835G01018"
"532636","INE530B01024"
"532637","INE584F01014"
"532638","INE498B01024"
"532640","INE278G01037"
"532641","INE875G01030"
"532642","INE824G01012"
"532644","INE823G01014"
"532645","INE052B01011"
"532646","INE950G01015"
"532647","INE968G01033"
"532648","INE528G01019"
"532649","INE023H01027"
"532650","INE752G01015"
"532651","INE978G01016"
"532652","INE614B01018"
"532654","INE942G01012"
"532656","INE828G01013"
"532658","INE076H01025"
"532659","INE043D01016"
"532660","INE526G01021"
"532661","INE050H01012"
"532662","INE501G01024"
"532663","INE231F01020"
"532665","INE011H01014"
"532666","INE512B01022"
"532667","INE040H01021"
"532668","INE132H01018"
"532669","INE371B01015"
"532670","INE087H01022"
"532673","INE157H01023"
"532674","INE186H01014"
"532676","INE160H01019"
"532678","INE589G01011"
"532679","INE034H01016"
"532682","INE067H01016"
"532683","INE212H01026"
"532684","INE184H01027"
"532686","INE202H01019"
"532687","INE461B01014"
"532689","INE191H01014"
"532690","INE005D01015"
"532692","INE172H01014"
"532693","INE701B01021"
"532694","INE855F01034"
"532695","INE185H01016"
"532696","INE216H01027"
"532698","INE229H01012"
"532699","INE283H01019"
"532700","INE265F01028"
"532701","INE266H01014"
"532702","INE246F01010"
"532705","INE199G01027"
"532706","INE312H01016"
"532707","INE256H01015"
"532708","INE251H01024"
"532710","INE226H01026"
"532711","INE305H01028"
"532712","INE330H01018"
"532713","INE190H01016"
"532714","INE389H01022"
"532715","INE346H01014"
"532716","INE047B01011"
"532717","INE332H01014"
"532718","INE308H01022"
"532719","INE350H01032"
"532720","INE774D01024"
"532721","INE286H01012"
"532722","INE858F01012"
"532723","INE493H01014"
"532725","INE343H01029"
"532726","INE297H01019"
"532727","INE400H01019"
"532728","INE383H01017"
"532729","INE786F01031"
"532730","INE353H01010"
"532731","INE248H01012"
"532732","INE401H01017"
"532733","INE424H01027"
"532734","INE177H01013"
"532735","INE411H01032"
"532737","INE296H01011"
"532738","INE388G01018"
"532740","INE397H01017"
"532741","INE390H01012"
"532742","INE111F01016"
"532744","INE302H01017"
"532745","INE347H01012"
"532746","INE466H01028"
"532748","INE367G01038"
"532749","INE418H01029"
"532751","INE268C01029"
"532754","INE776C01039"
"532755","INE669C01036"
"532756","INE536H01010"
"532757","INE540H01012"
"532759","INE285H01022"
"532760","INE677H01012"
"532761","INE596H01014"
"532762","INE731H01025"
"532764","INE916G01016"
"532765","INE235G01011"
"532766","INE516H01012"
"532767","INE336H01023"
"532768","INE737H01014"
"532770","INE648H01013"
"532771","INE544H01014"
"532772","INE503A01015"
"532773","INE792H01019"
"532774","INE020G01017"
"532775","INE221H01019"
"532776","INE637H01024"
"532777","INE663F01024"
"532778","INE785C01048"
"532779","INE813H01021"
"532780","INE561H01026"
"532782","INE645H01019"
"532783","INE818H01020"
"532784","INE671H01015"
"532785","INE803H01014"
"532787","INE825H01017"
"532788","INE183H01011"
"532790","INE483C01032"
"532794","INE966H01019"
"532795","INE965H01011"
"532796","INE872H01019"
"532797","INE718H01014"
"532798","INE870H01013"
"532799","INE703H01016"
"532800","INE886H01027"
"532801","INE627H01017"
"532803","INE332G01032"
"532804","INE545H01011"
"532805","INE891D01026"
"532807","INE704H01022"
"532808","INE940H01014"
"532809","INE684F01012"
"532810","INE134E01011"
"532811","INE758C01029"
"532812","INE804H01012"
"532813","INE874H01015"
"532814","INE562A01011"
"532815","INE812G01025"
"532817","INE998H01012"
"532819","INE018I01017"
"532820","INE311H01018"
"532822","INE669E01016"
"532823","INE649H01011"
"532826","INE952H01027"
"532827","INE761H01022"
"532828","INE005I01014"
"532829","INE976H01018"
"532830","INE006I01046"
"532832","INE069I01010"
"532834","INE052I01032"
"532835","INE725G01011"
"532839","INE836F01026"
"532841","INE280H01015"
"532842","INE917H01012"
"532843","INE061F01013"
"532845","INE797H01018"
"532847","INE788H01017"
"532848","INE124G01033"
"532850","INE287C01029"
"532851","INE070I01018"
"532852","INE836H01014"
"532853","INE228I01012"
"532854","INE489H01020"
"532856","INE508G01029"
"532859","INE170I01016"
"532864","INE189I01024"
"532865","INE974H01013"
"532866","INE033B01011"
"532867","INE945H01013"
"532868","INE271C01023"
"532869","INE924H01018"
"532870","INE106I01010"
"532871","INE221I01017"
"532872","INE232I01014"
"532873","INE191I01012"
"532874","INE274I01016"
"532875","INE102I01027"
"532877","INE898F01018"
"532878","INE385I01010"
"532879","INE117H01019"
"532880","INE800H01010"
"532882","INE810H01019"
"532883","INE225I01026"
"532884","INE056I01017"
"532885","INE483A01010"
"532886","INE105I01012"
"532887","INE333I01036"
"532888","INE022I01019"
"532889","INE930H01023"
"532890","INE142I01023"
"532891","INE323I01011"
"532892","INE338I01027"
"532893","INE222F01029"
"532894","INE227G01018"
"532895","INE245I01016"
"532896","INE387I01016"
"532898","INE752E01010"
"532899","INE455I01029"
"532900","INE420C01042"
"532902","INE429I01024"
"532904","INE550H01011"
"532905","INE320H01019"
"532906","INE215I01019"
"532907","INE369I01014"
"532908","INE028B01029"
"532911","INE272G01014"
"532914","INE574I01035"
"532915","INE621H01010"
"532916","INE139I01011"
"532918","INE575I01016"
"532919","INE335I01056"
"532920","INE180G01019"
"532921","INE742F01042"
"532922","INE532F01054"
"532923","INE722H01016"
"532924","INE094I01018"
"532925","INE234I01010"
"532926","INE668F01031"
"532927","INE738I01010"
"532928","INE763I01018"
"532929","INE791I01019"
"532930","INE661I01014"
"532931","INE817H01014"
"532932","INE015D01022"
"532933","INE386I01018"
"532934","INE095I01015"
"532935","INE298I01015"
"532937","INE529I01013"
"532938","INE688I01017"
"532939","INE614G01033"
"532940","INE576I01022"
"532941","INE792I01017"
"532942","INE634I01029"
"532944","INE809I01019"
"532945","INE964H01014"
"532946","INE863I01016"
"532947","INE821I01014"
"532948","INE474I01012"
"532951","INE871H01011"
"532952","INE049I01012"
"532953","INE951I01027"
"532955","INE020B01018"
"532957","INE642I01014"
"532959","INE181G01025"
"532960","INE274G01010"
"532961","INE686I01011"
"532966","INE615H01020"
"532967","INE415I01015"
"532972","INE877A01013"
"532974","INE865C01022"
"532975","INE778I01024"
"532976","INE091G01018"
"532977","INE917I01010"
"532978","INE918I01018"
"532979","INE122J01015"
"532980","INE020J01029"
"532983","INE105J01010"
"532985","INF373I01031"
"532986","INE368I01016"
"532987","INE244J01017"
"532988","INE222J01013"
"532989","INE878I01014"
"532990","INE592I01029"
"532991","INE744I01034"
"532992","INE790D01020"
"532993","INE955I01036"
"532994","INE877I01016"
"532997","INE143H01015"
"532998","INE947I01017"
"533001","INE323J01019"
"533006","INE655I01024"
"533007","INE201J01017"
"533008","INE196J01019"
"533012","INE197J01017"
"533014","INE176J01011"
"533015","INE318J01027"
"533022","INE144J01027"
"533023","INE342J01019"
"533029","INE773I01017"
"533033","INE858B01011"
"533047","INE919H01018"
"533056","INE359B01010"
"533068","INE933J01015"
"533080","INE893J01029"
"533088","INE998I01010"
"533090","INE688J01015"
"533093","INE294G01018"
"533095","INE083K01017"
"533096","INE814H01011"
"533098","INE848E01016"
"533103","INE904J01016"
"533104","INE615I01010"
"533106","INE274J01014"
"533107","INE542F01012"
"533108","INE274K01012"
"533109","INE063J01011"
"533110","INE318K01017"
"533121","INE201K01015"
"533122","INE399K01017"
"533137","INE947J01015"
"533138","INE563J01010"
"533144","INE008I01026"
"533146","INE250K01012"
"533148","INE121E01018"
"533149","INE143K01019"
"533150","INE484J01027"
"533151","INE950I01011"
"533152","INE912H01013"
"533154","INE486J01014"
"533155","INE797F01012"
"533156","INE893I01013"
"533157","INE602K01014"
"533158","INE085J01014"
"533160","INE879I01012"
"533161","INE753K01015"
"533162","INE982F01036"
"533163","INE267I01010"
"533164","INE141K01013"
"533166","INE108E01023"
"533167","INE312J01012"
"533168","INE847C01020"
"533169","INE949H01023"
"533170","INE864J01012"
"533171","INE695A01019"
"533176","INE656K01010"
"533177","INE975G01012"
"533178","INE495J01015"
"533179","INE262H01013"
"533180","INE553K01019"
"533181","INE566K01011"
"533189","INE516K01024"
"533192","INE790B01024"
"533193","INE134B01017"
"533200","INE502K01016"
"533202","INE639K01016"
"533203","INE747K01017"
"533204","INE087J01010"
"533206","INE002L01015"
"533207","INE099J01015"
"533208","INE830C01026"
"533210","INE798K01010"
"533211","INE618H01016"
"533212","INE265D01015"
"533213","INE773B01012"
"533216","INE509K01011"
"533217","INE871K01015"
"533218","INE778K01012"
"533221","INE915K01010"
"533228","INE180K01011"
"533229","INE933K01021"
"533230","INF179K01CN1"
"533239","INE696K01024"
"533244","INF109KB1WF4"
"533248","INE517F01014"
"533252","INE389K01018"
"533257","INE866K01015"
"533259","INE019J01013"
"533260","INE521J01018"
"533261","INE416L01017"
"533262","INE874I01013"
"533263","INE999K01014"
"533264","INE481K01013"
"533265","INE528K01011"
"533267","INE068L01016"
"533269","INE956G01038"
"533270","INE844K01012"
"533271","INE442H01029"
"533272","INE209L01016"
"533273","INE093I01010"
"533274","INE811K01011"
"533275","INE482J01021"
"533276","INE043K01029"
"533278","INE522F01014"
"533281","INE286K01024"
"533282","INE024L01027"
"533284","INE324L01013"
"533285","INE245L01010"
"533286","INE490G01020"
"533287","INE565L01011"
"533288","INE562G01018"
"533289","INE096L01025"
"533292","INE619I01012"
"533293","INE146L01010"
"533294","INE722J01012"
"533295","INE608A01012"
"533296","INE360L01017"
"533298","INE272L01022"
"533301","INE268L01020"
"533302","INE029L01018"
"533303","INE878K01010"
"533305","INE953I01023"
"533306","INE519C01017"
"533309","INE439L01019"
"533315","INE690J01011"
"533316","INE577L01016"
"533317","INE474L01016"
"533320","INE645L01011"
"533321","INE607L01029"
"533326","INE621L01012"
"533329","INE611L01021"
"533333","INE045J01026"
"533336","INE320L01011"
"533339","INE251B01027"
"533343","INE597L01014"
"533344","INE560K01014"
"533385","INF247L01031"
"533389","INE510K01019"
"533393","INE662L01016"
"533398","INE414G01012"
"533400","INE220J01025"
"533407","INE672K01025"
"533408","INF209K01HT2"
"533411","INE263L01013"
"533427","INE932K01015"
"533451","INE725L01011"
"533452","INE726L01019"
"533470","INE573K01017"
"533477","INE130L01014"
"533482","INE524L01026"
"533499","INE224M01013"
"533506","INE878H01016"
"533519","INE498L01015"
"533520","INE126M01010"
"533525","INE402L01017"
"533540","INE040M01013"
"533543","INE650L01011"
"533552","INE895B01021"
"533553","INE419M01019"
"533569","INE219H01039"
"533570","INF846K01347"
"533573","INE901L01018"
"533576","INE590L01019"
"533581","INE457L01011"
"533602","INE050L01022"
"533605","INE023M01027"
"533608","INE123M01017"
"533629","INE440L01017"
"533632","INE912L01015"
"533638","INE060J01017"
"533644","INE899L01022"
"533655","INE152M01016"
"533676","INE337M01013"
"533704","INE122M01019"
"533758","INE702C01019"
"533761","INE390G01014"
"533896","INE258M01011"
"533941","INE480M01011"
"533982","INE482B01010"
"534060","INE793G01035"
"534063","INE241F01011"
"534076","INE743M01012"
"534091","INE745G01035"
"534139","INE839M01018"
"534184","INE453M01018"
"534190","INE550L01013"
"534309","INE095N01023"
"534312","INE472M01018"
"534328","INE750M01017"
"534338","INE393F01010"
"534369","INE760L01018"
"534392","INE050M01012"
"534422","INE204N01013"
"534425","INE247M01014"
"534532","INE142K01011"
"534597","INE834M01019"
"534598","INE735M01018"
"534600","INE391J01016"
"534612","INE436N01029"
"534615","INE553C01016"
"534618","INE299N01013"
"534623","INE524N01014"
"534674","INE741L01018"
"534675","INE195N01013"
"534690","INE694C01018"
"534691","INE456N01019"
"534707","INE636N01016"
"534708","INE892L01019"
"534731","INE830N01015"
"534734","INE174N01026"
"534741","INE247C01023"
"534742","INE840M01016"
"534748","INE503B01013"
"534756","INE799L01016"
"534758","INE675C01017"
"534796","INE198N01017"
"534804","INE752H01013"
"534809","INE785M01013"
"534816","INE121J01017"
"534976","INE665J01013"
"535141","INE338O01025"
"535205","INE159O01033"
"535267","INE274M01018"
"535276","INF200K01VT2"
"535279","INE583M01012"
"535322","INE612J01015"
"535458","INE047O01014"
"535467","INE428O01016"
"535486","INE874N01013"
"535566","INE902D01013"
"535601","INE099F01013"
"535602","INE597I01010"
"535620","INE160L01011"
"535621","INE159L01013"
"535648","INE599M01018"
"535658","INE260M01017"
"535693","INE320I01017"
"535694","INE899O01018"
"535719","INE989J01017"
"535754","INE876N01018"
"535755","INE647O01011"
"535789","INE148I01020"
"535916","INE030P01017"
"536128","INE211P01021"
"536170","INE647N01021"
"536264","INE906O01011"
"536493","INE690O01011"
"536507","INE452O01016"
"536592","INE279P01036"
"536644","INE596O01010"
"536659","INE428B01013"
"536709","INE138O01011"
"536751","INE750L01019"
"536773","INE147P01019"
"536799","INE002J01019"
"536846","INE156M01017"
"536960","INF247L01023"
"536974","INE536P01013"
"537007","INF109K012R6"
"537008","INF109KA1962"
"537069","INE185K01028"
"537092","INE072D01015"
"537253","INE671C01016"
"537254","INE140B01014"
"537259","INE442P01014"
"537291","INE448G01010"
"537292","INE449G01018"
"537524","INE324N01027"
"537536","INE051G01012"
"537582","INE210P01015"
"537708","INF174K01518"
"537750","INE555P01013"
"537766","INE905P01010"
"537785","INE084Q01012"
"537800","INE717C01025"
"537839","INE977M01024"
"537840","INE523K01012"
"538019","INE732P01018"
"538057","INF457M01133"
"538092","INE574G01013"
"538119","INE012Q01013"
"538128","INE174Q01011"
"538180","INE204P01026"
"538212","INE909D01026"
"538268","INE066O01014"
"538351","INE663P01015"
"538364","INE795P01023"
"538365","INE452L01012"
"538401","INE318N01011"
"538420","INF204KA1OU5"
"538422","INE508N01025"
"538423","INE729P01022"
"538433","INE854P01028"
"538476","INE172D01021"
"538520","INE857P01021"
"538521","INE969E01010"
"538537","INE378P01028"
"538542","INE634J01019"
"538547","INE189Q01019"
"538548","INE186Q01023"
"538557","INE706P01012"
"538562","INE439E01022"
"538564","INE718P01017"
"538566","INE919P01029"
"538567","INE635Q01029"
"538570","INE860P01025"
"538575","INE717P01027"
"538595","INE652C01016"
"538596","INE222B01028"
"538597","INE404F01031"
"538598","INE755Q01017"
"538607","INE457P01020"
"538611","INE840I01014"
"538635","INE734N01019"
"538647","INE729C01020"
"538653","INE649L01013"
"538666","INE221J01015"
"538683","INF204KA1UN7"
"538685","INE363M01019"
"538706","INE010R01015"
"538707","INE929D01016"
"538708","INE937K01014"
"538713","INE011R01013"
"538715","INE260R01016"
"538716","INE229R01011"
"538730","INE111Q01013"
"538731","INE982Q01017"
"538732","INE761Q01015"
"538765","INE401Q01018"
"538770","INE176L01017"
"538771","INE675G01018"
"538787","INE997C01015"
"538788","INE918C01011"
"538794","INE155R01018"
"538795","INE185C01017"
"538808","INF740K016J9"
"538812","INE322R01014"
"538817","INE513R01018"
"538834","INE242Q01016"
"538835","INE306R01017"
"538836","INE950M01013"
"538837","INE237B01018"
"538858","INE845E01012"
"538860","INE655P01029"
"538861","INE812P01018"
"538891","INE613C01018"
"538896","INE081G01019"
"538902","INE341R01014"
"538918","INE661Q01017"
"538921","INE865P01016"
"538922","INE029B01019"
"538940","INF204KA1ZH8"
"538941","INF204KA1ZG0"
"538942","INE689O01013"
"538952","INE211D01027"
"538961","INE949P01018"
"538962","INE842C01021"
"538963","INE494K01024"
"538964","INE947G01011"
"538965","INE858L01010"
"538979","INE544R01013"
"538987","INE717E01013"
"538993","INE147J01012"
"539007","INE115R01012"
"539009","INE003Q01012"
"539011","INE777O01016"
"539013","INE776O01018"
"539014","INE059Q01014"
"539015","INE849L01019"
"539017","INE526R01010"
"539018","INE213D01015"
"539031","INF200KA1572"
"539040","INE812Q01016"
"539041","INE369Q01017"
"539043","INE831Q01016"
"539044","INE824Q01011"
"539045","INE859Q01017"
"539046","INE830Q01018"
"539056","INE172N01012"
"539070","INF204KA1F52"
"539083","INE066P01011"
"539098","INE541R01019"
"539099","INE291R01011"
"539112","INE137M01017"
"539113","INE291E01019"
"539118","INE366I01010"
"539120","INE578R01011"
"539122","INE104F01011"
"539123","INE334E01017"
"539125","INE914Q01010"
"539126","INE776I01010"
"539131","INE767G01013"
"539132","INE761D01021"
"539141","INE527H01019"
"539143","INE945O01019"
"539148","INE788J01013"
"539149","INE682B01023"
"539150","INE195J01029"
"539151","INE784R01015"
"539168","INE805E01016"
"539169","INE105R01013"
"539176","INE230I01018"
"539177","INE206F01014"
"539195","INE035S01010"
"539196","INE829P01020"
"539207","INE122R01018"
"539220","INE540S01019"
"539223","INE563S01011"
"539224","INE345Q01017"
"539225","INE023S01016"
"539226","INE027T01015"
"539228","INE480S01018"
"539229","INE196R01012"
"539251","INE875R01011"
"539252","INE979R01011"
"539254","INE931S01010"
"539255","INE541K01014"
"539267","INE579N01018"
"539268","INE398R01022"
"539274","INE962P01011"
"539275","INE829S01016"
"539276","INE587G01015"
"539278","INE653R01012"
"539287","INE749B01012"
"539289","INE898S01029"
"539290","INE143A01010"
"539300","INE671K01019"
"539301","INE034S01021"
"539302","INE211R01019"
"539309","INE230R01027"
"539311","INE217Q01018"
"539313","INF789FB1X41"
"539331","INE918N01018"
"539332","INE278M01019"
"539333","INE455O01019"
"539334","INE712K01011"
"539336","INE844O01022"
"539346","INE764L01010"
"539351","INE302M01033"
"539354","INE914G01011"
"539359","INE583R01011"
"539363","INE094T01015"
"539391","INE636B01011"
"539392","INE345S01013"
"539398","INE060T01024"
"539399","INE344T01014"
"539400","INE389C01015"
"539403","INE800S01017"
"539404","INE836B01017"
"539407","INE854S01014"
"539410","INE873S01022"
"539428","INE030T01019"
"539433","INE400S01016"
"539436","INE335K01011"
"539437","INE092T01019"
"539447","INE520H01022"
"539448","INE646L01027"
"539450","INE500L01026"
"539479","INE910R01016"
"539480","INF767K01OS7"
"539516","INF179KB1KP3"
"539517","INF179KB1KQ1"
"539518","INE551B01012"
"539520","INE195R01014"
"539523","INE540L01014"
"539524","INE600L01024"
"539525","INE365G01016"
"539526","INE452S01017"
"539528","INE430R01015"
"539542","INE150G01020"
"539544","INE281P01016"
"539551","INE410P01011"
"539593","INE728Q01014"
"539595","INE174S01017"
"539597","INE455T01018"
"539599","INE079C01012"
"539620","INE534E01012"
"539636","INE484I01029"
"539658","INE985S01024"
"539659","INE564S01019"
"539660","INE052T01013"
"539678","INE306L01010"
"539680","INE615T01017"
"539693","INE527R01018"
"539725","INE314T01025"
"539742","INE748T01016"
"539773","INE178T01016"
"539785","INE865T01018"
"539787","INE075I01017"
"539798","INE173U01015"
"539799","INE316L01019"
"539800","INE043U01010"
"539805","INF179KB1PC0"
"539806","INF179KB1PA4"
"539807","INE483S01012"
"539814","INE204S01012"
"539837","INE912T01018"
"539842","INE410U01011"
"539844","INE988K01017"
"539861","INE429F01012"
"539871","INE594H01019"
"539872","INE411U01019"
"539874","INE334L01012"
"539876","INE299U01018"
"539883","INE417C01014"
"539889","INE883N01014"
"539910","INE833C01012"
"539917","INE454M01024"
"539922","INE364S01014"
"539939","INE571U01010"
"539940","INE154U01015"
"539956","INE524T01011"
"539957","INE002S01010"
"539962","INE064D01012"
"539963","INE819S01017"
"539978","INE615P01015"
"539979","INE731U01010"
"539981","INE153U01017"
"539982","INE184U01012"
"539984","INE799B01017"
"539985","INE120V01014"
"539986","INE073V01015"
"539992","INE093R01011"
"540005","INE214T01019"
"540006","INE595R01015"
"540023","INE621I01018"
"540024","INE361S01010"
"540025","INE837H01020"
"540047","INE917M01012"
"540048","INE212I01016"
"540061","INE412U01017"
"540063","INE925Q01024"
"540064","INE752P01024"
"540065","INE976G01028"
"540071","INE494T01017"
"540072","INE191V01015"
"540073","INE153T01027"
"540078","INE317V01016"
"540081","INE860T01019"
"540083","INE871L01013"
"540115","INE010V01017"
"540124","INE934S01014"
"540125","INE583V01013"
"540133","INE726G01019"
"540136","INE495S01016"
"540143","INE184B01012"
"540144","INE746V01016"
"540145","INE565V01010"
"540147","INE700V01013"
"540151","INE942P01013"
"540153","INE913H01037"
"540154","INF194KA1T91"
"540173","INE572E01012"
"540175","INE964R01013"
"540180","INE200M01013"
"540189","INE448F01012"
"540190","INE789R01014"
"540192","INE341H01023"
"540203","INE916U01025"
"540210","INE759V01019"
"540212","INE586V01016"
"540222","INE947Q01010"
"540253","INE066E01015"
"540269","INE459U01018"
"540293","INE726V01018"
"540311","INE863T01013"
"540358","INE655V01019"
"540361","INE575D01025"
"540366","INE919I01016"
"540376","INE192R01011"
"540377","INE714U01016"
"540386","INE989S01034"
"540393","INE017W01010"
"540396","INE784W01015"
"540401","INE544W01013"
"540403","INE201M01011"
"540405","INE711V01010"
"540416","INE208U01019"
"540425","INE274V01019"
"540426","INE792V01010"
"540455","INE953W01016"
"540497","INE807K01035"
"540519","INE343X01018"
"540526","INE183W23014"
"540530","INE031A01017"
"540544","INE488V01015"
"540565","INE219X23014"
"540575","INE460H01021"
"540590","INE325X01015"
"540593","INF179KB1T82"
"540594","INF179KB1T90"
"540595","INE010J01012"
"540596","INE406M01024"
"540602","INE869I01013"
"540611","INE949L01017"
"540613","INE721X01015"
"540615","INE413X01019"
"540616","INE517U01013"
"540636","INF179KB1V39"
"555555","INF346A01034"
"570001","IN9155A01020"
"570002","IN9623B01058"
"570003","IN9110D01011"
"570004","IN9175A01010"
"580001","INE028L21018"
"590003","INE036D01028"
"590005","INE484C01022"
"590006","INE098F01023"
"590013","INE445C01015"
"590018","INE598C01011"
"590021","INE838B01013"
"590022","INE962C01027"
"590024","INE188A01015"
"590025","INE424C01010"
"590028","INE241C01026"
"590030","INE147A01011"
"590031","INE244A01016"
"590041","INE641C01019"
"590043","INE939D01015"
"590051","INE667G01015"
"590062","INE715B01013"
"590065","INE547E01014"
"590066","INE805C01028"
"590068","INE731C01018"
"590070","INE874F01027"
"590071","INE660A01013"
"590072","INE073D01013"
"590073","INE715A01015"
"590075","INE112F01022"
"590078","INE683C01011"
"590080","INE846C01014"
"590086","INE725E01024"
"590095","INF732E01102"
"590096","INF732E01037"
"590097","INF373I01049"
"590098","INF200K01099"
"590099","INF082J01010"
"590101","INF789F01059"
"590103","INF732E01011"
"590104","INF732E01045"
"590106","INF732E01078"
"590107","INF373I01023"
"590108","INF732E01110"
"590113","INF732E01227"
"590122","INE094B01013"
"590130","INE398L01017"
"590132","INE984L01014"
"590133","INE993L01015"
"590134","INE414A01015"
"600180","INE040A01026"
"632514","INE203G01019"
"639844","INE988K01017"
"700087","INE304A04012"
"700102","INE284B04014"
"700133","INE657W04017"
"710055","INE628A03024"
"717502","INE019A04024"
"717503","INE256A04022"
"800254","IN0020160027"
"800258","IN0020160043"
"800259","IN0020160076"
"800265","IN0020160126"
"800268","IN0020170018"
"934784","INE523E07459"
"934844","INE414G07191"
"934854","INE866I08139"
"934855","INE866I08147"
"934864","INE958G07817"
"934872","INE414G07233"
"934887","INE721A07FV5"
"934901","INE414G08215"
"934932","INE477L07040"
"934948","INE522D07644"
"934953","INE804I07SI2"
"935016","INE477L08014"
"935046","INE722A07547"
"935074","INE872A07SW7"
"935088","INE804I08601"
"935114","INE414G08256"
"935132","INE721A07HJ6"
"935190","INE891A07011"
"935196","INE891A07029"
"935200","INE414G07761"
"935214","INE414G07837"
"935308","INE233B08087"
"935309","INE233B08095"
"935310","INE233B08103"
"935311","INE039A07751"
"935327","INE414G07860"
"935351","INE039A07843"
"935375","INE403Q07243"
"935383","INE733E07JP6"
"935471","INE101Q07250"
"935484","INE414G07AG6"
"935490","INE414G07AJ0"
"935514","INE134E07588"
"935524","INE549K07345"
"935526","INE549K07352"
"935534","INE549K07394"
"935548","INE020B07JU4"
"935574","INE053F07835"
"935576","INE053F07843"
"935580","INE906B07EH2"
"935582","INE906B07EI0"
"935584","INE906B07EJ8"
"935588","INE414G07AR3"
"935594","INE414G07AU7"
"935602","INE414G07AY9"
"935616","INE202E07211"
"935618","INE202E07229"
"935628","INE101Q07334"
"935642","INE031A07AO5"
"935650","INE403Q07367"
"935666","INE906B07EP5"
"935690","INE261F07032"
"935694","INE414G07BB5"
"935698","INE414G07BD1"
"935700","INE414G07BE9"
"935710","INE414G07BJ8"
"935744","INE774D08LW2"
"935752","INE774D08MA6"
"935760","INE774D08MG3"
"935788","INE530L07228"
"935814","INE202B07HV0"
"935832","INE202B07IK1"
"935840","INE202B07IO3"
"935848","INE148I07GD0"
"935860","INE148I07GL3"
"935890","INE872A07TY1"
"935904","INE217K07AC4"
"935912","INE217K07AG5"
"935916","INE217K08289"
"935944","INE881J07EP3"
"935950","INE414G07BQ3"
"935994","INE872A07UI2"
"936004","INE414G07CA5"
"936012","INE414G07CE7"
"936016","INE414G07CG2"
"936028","INE403Q07664"
"947146","INE081A08165"
"950495","INE134E07224"
"950497","INE134E07240"
"955953","INE220J07089"
"956004","INE695A08022"
"961694","INE092T08CC6"
"961700","INE092T08CH5"
"961703","INE062A08058"
"961706","INE787H07024"
"961710","INE092T08CJ1"
"961711","INE134E07075"
"961712","INE134E07083"
"961714","INE134E07109"
"961715","INE134E07158"
"961716","INE134E07166"
"961717","INE134E07174"
"961719","INE092T08CK9"
"961720","INE092T08CL7"
"961721","INE691I07265"
"961722","INE691I07273"
"961727","INE906B07CA1"
"961728","INE906B07CB9"
"961730","INE134E07208"
"961731","INE053F07520"
"961732","INE053F07538"
"961733","INE031A07832"
"961734","INE031A07840"
"961735","INE092T08CM5"
"961736","INE092T08CN3"
"961737","INE691I07299"
"961738","INE691I07307"
"961739","INE872A07PV5"
"961742","INE872A07QA7"
"961743","INE020B07GG9"
"961744","INE020B07GH7"
"961751","INE134E07349"
"961764","INE031A07857"
"961765","INE031A07865"
"961769","INE787H07164"
"961778","INE020B07HR4"
"961779","INE020B07HS2"
"961784","INE031A07931"
"961798","INE787H07313"
"961804","INE134E07463"
"961808","INE733E07JH3"
"961814","INE031A07998"
"961816","INE031A07AB2"
"961820","INE787H07354"
"961822","INE787H07370"
"961825","INE906B07DE1"
"961826","INE906B07DF8"
"961851","INE363O07095"
"961875","INE020B07IG5"
"961893","INE787H07412"
"961895","INE787H07420"
"961897","INE787H07438"
"972608","INE039A08114"
"972609","INE039A08122"
"972656","INE039A09NJ7"
"972657","INE039A09NL3"
"972660","INE039A09MT8"
"972661","INE039A09MU6"
"972662","INE039A09MV4"
"972663","INE039A09MW2"
"972704","INE039A09NX8"
"972705","INE039A09NY6"
"972706","INE039A09NZ3"
"972713","INE039A09OE6"
"972714","INE039A09OF3"
"972715","INE039A09OG1"
"972716","INE039A09OH9"
"972719","INE039A09OU2"
"972881","INE560K07045"
"972883","INE560K07086"
"972885","INE560K07094"
"972887","INE560K07052"
