500002,"500002.BO"
500003,"500003.BO"
500008,"500008.BO"
500009,"500009.BO"
500010,"500010.BO"
500012,"500012.BO"
500013,"500013.BO"
500014,"500014.BO"
500020,"500020.BO"
500023,"500023.BO"
500024,"500024.BO"
500027,"500027.BO"
500028,"500028.BO"
500029,"500029.BO"
500031,"500031.BO"
500032,"500032.BO"
500033,"500033.BO"
500034,"500034.BO"
500038,"500038.BO"
500039,"500039.BO"
500040,"500040.BO"
500041,"500041.BO"
500042,"500042.BO"
500043,"500043.BO"
500048,"500048.BO"
500049,"500049.BO"
500052,"500052.BO"
500055,"500055.BO"
500058,"500058.BO"
500059,"500059.BO"
500060,"500060.BO"
500067,"500067.BO"
500068,"500068.BO"
500069,"500069.BO"
500074,"500074.BO"
500078,"500078.BO"
500083,"500083.BO"
500084,"500084.BO"
500085,"500085.BO"
500086,"500086.BO"
500087,"500087.BO"
500089,"500089.BO"
500092,"500092.BO"
500093,"500093.BO"
500096,"500096.BO"
500097,"500097.BO"
500101,"500101.BO"
500102,"500102.BO"
500103,"500103.BO"
500104,"500104.BO"
500106,"500106.BO"
500108,"500108.BO"
500109,"500109.BO"
500110,"500110.BO"
500111,"500111.BO"
500112,"500112.BO"
500113,"500113.BO"
500114,"500114.BO"
500116,"500116.BO"
500117,"500117.BO"
500119,"500119.BO"
500120,"500120.BO"
500123,"500123.BO"
500124,"500124.BO"
500125,"500125.BO"
500126,"500126.BO"
500128,"500128.BO"
500132,"500132.BO"
500133,"500133.BO"
500135,"500135.BO"
500136,"500136.BO"
500139,"500139.BO"
500141,"500141.BO"
500142,"500142.BO"
500144,"500144.BO"
500147,"500147.BO"
500148,"500148.BO"
500150,"500150.BO"
500153,"500153.BO"
500155,"500155.BO"
500159,"500159.BO"
500160,"500160.BO"
500163,"500163.BO"
500164,"500164.BO"
500165,"500165.BO"
500166,"500166.BO"
500168,"500168.BO"
500170,"500170.BO"
500171,"500171.BO"
500173,"500173.BO"
500179,"500179.BO"
500180,"500180.BO"
500182,"500182.BO"
500183,"500183.BO"
500184,"500184.BO"
500185,"500185.BO"
500186,"500186.BO"
500187,"500187.BO"
500188,"500188.BO"
500189,"500189.BO"
500191,"500191.BO"
500193,"500193.BO"
500199,"500199.BO"
500201,"500201.BO"
500207,"500207.BO"
500209,"500209.BO"
500210,"500210.BO"
500211,"500211.BO"
500212,"500212.BO"
500213,"500213.BO"
500214,"500214.BO"
500215,"500215.BO"
500219,"500219.BO"
500220,"500220.BO"
500223,"500223.BO"
500227,"500227.BO"
500228,"500228.BO"
500231,"500231.BO"
500233,"500233.BO"
500234,"500234.BO"
500235,"500235.BO"
500238,"500238.BO"
500239,"500239.BO"
500240,"500240.BO"
500241,"500241.BO"
500243,"500243.BO"
500245,"500245.BO"
500246,"500246.BO"
500247,"500247.BO"
500249,"500249.BO"
500250,"500250.BO"
500251,"500251.BO"
500252,"500252.BO"
500253,"500253.BO"
500254,"500254.BO"
500255,"500255.BO"
500257,"500257.BO"
500259,"500259.BO"
500260,"500260.BO"
500264,"500264.BO"
500265,"500265.BO"
500266,"500266.BO"
500267,"500267.BO"
500268,"500268.BO"
500271,"500271.BO"
500279,"500279.BO"
500280,"500280.BO"
500284,"500284.BO"
500285,"500285.BO"
500288,"500288.BO"
500290,"500290.BO"
500292,"500292.BO"
500294,"500294.BO"
500295,"500295.BO"
500296,"500296.BO"
500298,"500298.BO"
500300,"500300.BO"
500302,"500302.BO"
500304,"500304.BO"
500306,"500306.BO"
500307,"500307.BO"
500312,"500312.BO"
500313,"500313.BO"
500314,"500314.BO"
500315,"500315.BO"
500317,"500317.BO"
500319,"500319.BO"
500322,"500322.BO"
500325,"500325.BO"
500327,"500327.BO"
500329,"500329.BO"
500330,"500330.BO"
500331,"500331.BO"
500333,"500333.BO"
500335,"500335.BO"
500336,"500336.BO"
500337,"500337.BO"
500338,"500338.BO"
500339,"500339.BO"
500343,"500343.BO"
500346,"500346.BO"
500350,"500350.BO"
500354,"500354.BO"
500355,"500355.BO"
500356,"500356.BO"
500357,"500357.BO"
500360,"500360.BO"
500365,"500365.BO"
500366,"500366.BO"
500367,"500367.BO"
500368,"500368.BO"
500370,"500370.BO"
500371,"500371.BO"
500378,"500378.BO"
500380,"500380.BO"
500387,"500387.BO"
500388,"500388.BO"
500390,"500390.BO"
500399,"500399.BO"
500400,"500400.BO"
500402,"500402.BO"
500403,"500403.BO"
500404,"500404.BO"
500405,"500405.BO"
500407,"500407.BO"
500408,"500408.BO"
500410,"500410.BO"
500411,"500411.BO"
500412,"500412.BO"
500413,"500413.BO"
500414,"500414.BO"
500418,"500418.BO"
500420,"500420.BO"
500421,"500421.BO"
500422,"500422.BO"
500425,"500425.BO"
500429,"500429.BO"
500439,"500439.BO"
500440,"500440.BO"
500444,"500444.BO"
500449,"500449.BO"
500456,"500456.BO"
500459,"500459.BO"
500460,"500460.BO"
500463,"500463.BO"
500464,"500464.BO"
500467,"500467.BO"
500469,"500469.BO"
500470,"500470.BO"
500472,"500472.BO"
500477,"500477.BO"
500480,"500480.BO"
500483,"500483.BO"
500488,"500488.BO"
500490,"500490.BO"
500493,"500493.BO"
500495,"500495.BO"
500500,"500500.BO"
500510,"500510.BO"
500520,"500520.BO"
500530,"500530.BO"
500540,"500540.BO"
500547,"500547.BO"
500550,"500550.BO"
500570,"500570.BO"
500575,"500575.BO"
500620,"500620.BO"
500645,"500645.BO"
500650,"500650.BO"
500655,"500655.BO"
500660,"500660.BO"
500670,"500670.BO"
500672,"500672.BO"
500674,"500674.BO"
500676,"500676.BO"
500680,"500680.BO"
500690,"500690.BO"
500696,"500696.BO"
500710,"500710.BO"
500730,"500730.BO"
500770,"500770.BO"
500777,"500777.BO"
500780,"500780.BO"
500790,"500790.BO"
500800,"500800.BO"
500820,"500820.BO"
500825,"500825.BO"
500830,"500830.BO"
500840,"500840.BO"
500850,"500850.BO"
500870,"500870.BO"
500875,"500875.BO"
500877,"500877.BO"
500878,"500878.BO"
500890,"500890.BO"
500940,"500940.BO"
500945,"500945.BO"
501150,"501150.BO"
501179,"501179.BO"
501242,"501242.BO"
501298,"501298.BO"
501301,"501301.BO"
501351,"501351.BO"
501370,"501370.BO"
501391,"501391.BO"
501423,"501423.BO"
501425,"501425.BO"
501455,"501455.BO"
501700,"501700.BO"
501827,"501827.BO"
501833,"501833.BO"
501848,"501848.BO"
502015,"502015.BO"
502090,"502090.BO"
502137,"502137.BO"
502157,"502157.BO"
502165,"502165.BO"
502168,"502168.BO"
502175,"502175.BO"
502180,"502180.BO"
502219,"502219.BO"
502281,"502281.BO"
502330,"502330.BO"
502355,"502355.BO"
502407,"502407.BO"
502420,"502420.BO"
502445,"502445.BO"
502448,"502448.BO"
502450,"502450.BO"
502465,"502465.BO"
502587,"502587.BO"
502742,"502742.BO"
502761,"502761.BO"
502820,"502820.BO"
502865,"502865.BO"
502901,"502901.BO"
502937,"502937.BO"
502958,"502958.BO"
502986,"502986.BO"
502995,"502995.BO"
503031,"503031.BO"
503092,"503092.BO"
503100,"503100.BO"
503101,"503101.BO"
503127,"503127.BO"
503162,"503162.BO"
503169,"503169.BO"
503205,"503205.BO"
503229,"503229.BO"
503310,"503310.BO"
503349,"503349.BO"
503657,"503657.BO"
503659,"503659.BO"
503691,"503691.BO"
503722,"503722.BO"
503776,"503776.BO"
503804,"503804.BO"
503806,"503806.BO"
503811,"503811.BO"
503831,"503831.BO"
503837,"503837.BO"
503960,"503960.BO"
504000,"504000.BO"
504008,"504008.BO"
504028,"504028.BO"
504036,"504036.BO"
504058,"504058.BO"
504067,"504067.BO"
504076,"504076.BO"
504084,"504084.BO"
504092,"504092.BO"
504093,"504093.BO"
504112,"504112.BO"
504132,"504132.BO"
504176,"504176.BO"
504212,"504212.BO"
504220,"504220.BO"
504258,"504258.BO"
504269,"504269.BO"
504286,"504286.BO"
504378,"504378.BO"
504605,"504605.BO"
504614,"504614.BO"
504646,"504646.BO"
504697,"504697.BO"
504701,"504701.BO"
504741,"504741.BO"
504746,"504746.BO"
504786,"504786.BO"
504810,"504810.BO"
504840,"504840.BO"
504879,"504879.BO"
504903,"504903.BO"
504908,"504908.BO"
504918,"504918.BO"
504959,"504959.BO"
504960,"504960.BO"
504961,"504961.BO"
504966,"504966.BO"
504973,"504973.BO"
504988,"504988.BO"
505010,"505010.BO"
505029,"505029.BO"
505036,"505036.BO"
505075,"505075.BO"
505141,"505141.BO"
505160,"505160.BO"
505163,"505163.BO"
505192,"505192.BO"
505196,"505196.BO"
505200,"505200.BO"
505216,"505216.BO"
505230,"505230.BO"
505232,"505232.BO"
505242,"505242.BO"
505250,"505250.BO"
505255,"505255.BO"
505283,"505283.BO"
505299,"505299.BO"
505324,"505324.BO"
505343,"505343.BO"
505355,"505355.BO"
505358,"505358.BO"
505368,"505368.BO"
505400,"505400.BO"
505412,"505412.BO"
505502,"505502.BO"
505509,"505509.BO"
505526,"505526.BO"
505533,"505533.BO"
505537,"505537.BO"
505590,"505590.BO"
505650,"505650.BO"
505665,"505665.BO"
505681,"505681.BO"
505688,"505688.BO"
505700,"505700.BO"
505710,"505710.BO"
505711,"505711.BO"
505712,"505712.BO"
505714,"505714.BO"
505720,"505720.BO"
505726,"505726.BO"
505729,"505729.BO"
505737,"505737.BO"
505744,"505744.BO"
505750,"505750.BO"
505790,"505790.BO"
505800,"505800.BO"
505827,"505827.BO"
505840,"505840.BO"
505850,"505850.BO"
505854,"505854.BO"
505872,"505872.BO"
505890,"505890.BO"
505978,"505978.BO"
506003,"506003.BO"
506016,"506016.BO"
506022,"506022.BO"
506027,"506027.BO"
506074,"506074.BO"
506076,"506076.BO"
506079,"506079.BO"
506105,"506105.BO"
506109,"506109.BO"
506122,"506122.BO"
506128,"506128.BO"
506146,"506146.BO"
506159,"506159.BO"
506184,"506184.BO"
506194,"506194.BO"
506197,"506197.BO"
506222,"506222.BO"
506235,"506235.BO"
506248,"506248.BO"
506260,"506260.BO"
506261,"506261.BO"
506285,"506285.BO"
506315,"506315.BO"
506365,"506365.BO"
506390,"506390.BO"
506395,"506395.BO"
506401,"506401.BO"
506405,"506405.BO"
506414,"506414.BO"
506480,"506480.BO"
506520,"506520.BO"
506522,"506522.BO"
506525,"506525.BO"
506528,"506528.BO"
506532,"506532.BO"
506579,"506579.BO"
506590,"506590.BO"
506597,"506597.BO"
506605,"506605.BO"
506618,"506618.BO"
506642,"506642.BO"
506655,"506655.BO"
506685,"506685.BO"
506687,"506687.BO"
506690,"506690.BO"
506720,"506720.BO"
506734,"506734.BO"
506767,"506767.BO"
506808,"506808.BO"
506820,"506820.BO"
506852,"506852.BO"
506854,"506854.BO"
506858,"506858.BO"
506863,"506863.BO"
506879,"506879.BO"
506910,"506910.BO"
506919,"506919.BO"
506943,"506943.BO"
506947,"506947.BO"
506981,"506981.BO"
506991,"506991.BO"
507155,"507155.BO"
507180,"507180.BO"
507205,"507205.BO"
507265,"507265.BO"
507300,"507300.BO"
507315,"507315.BO"
507410,"507410.BO"
507435,"507435.BO"
507438,"507438.BO"
507442,"507442.BO"
507450,"507450.BO"
507458,"507458.BO"
507474,"507474.BO"
507488,"507488.BO"
507490,"507490.BO"
507498,"507498.BO"
507508,"507508.BO"
507514,"507514.BO"
507515,"507515.BO"
507522,"507522.BO"
507525,"507525.BO"
507526,"507526.BO"
507552,"507552.BO"
507580,"507580.BO"
507598,"507598.BO"
507621,"507621.BO"
507645,"507645.BO"
507652,"507652.BO"
507685,"507685.BO"
507690,"507690.BO"
507717,"507717.BO"
507747,"507747.BO"
507753,"507753.BO"
507779,"507779.BO"
507785,"507785.BO"
507789,"507789.BO"
507794,"507794.BO"
507813,"507813.BO"
507815,"507815.BO"
507817,"507817.BO"
507828,"507828.BO"
507836,"507836.BO"
507864,"507864.BO"
507872,"507872.BO"
507878,"507878.BO"
507880,"507880.BO"
507886,"507886.BO"
507892,"507892.BO"
507910,"507910.BO"
507944,"507944.BO"
507960,"507960.BO"
507970,"507970.BO"
507981,"507981.BO"
507998,"507998.BO"
508136,"508136.BO"
508306,"508306.BO"
508486,"508486.BO"
508494,"508494.BO"
508571,"508571.BO"
508664,"508664.BO"
508670,"508670.BO"
508807,"508807.BO"
508814,"508814.BO"
508860,"508860.BO"
508869,"508869.BO"
508905,"508905.BO"
508906,"508906.BO"
508918,"508918.BO"
508922,"508922.BO"
508933,"508933.BO"
508939,"508939.BO"
508941,"508941.BO"
508954,"508954.BO"
508956,"508956.BO"
508989,"508989.BO"
508996,"508996.BO"
508998,"508998.BO"
509009,"509009.BO"
509020,"509020.BO"
509026,"509026.BO"
509038,"509038.BO"
509040,"509040.BO"
509048,"509048.BO"
509051,"509051.BO"
509055,"509055.BO"
509069,"509069.BO"
509077,"509077.BO"
509079,"509079.BO"
509084,"509084.BO"
509148,"509148.BO"
509152,"509152.BO"
509162,"509162.BO"
509220,"509220.BO"
509243,"509243.BO"
509438,"509438.BO"
509449,"509449.BO"
509472,"509472.BO"
509480,"509480.BO"
509486,"509486.BO"
509488,"509488.BO"
509496,"509496.BO"
509525,"509525.BO"
509550,"509550.BO"
509557,"509557.BO"
509567,"509567.BO"
509627,"509627.BO"
509631,"509631.BO"
509635,"509635.BO"
509675,"509675.BO"
509692,"509692.BO"
509709,"509709.BO"
509715,"509715.BO"
509820,"509820.BO"
509874,"509874.BO"
509895,"509895.BO"
509930,"509930.BO"
509966,"509966.BO"
510245,"510245.BO"
511000,"511000.BO"
511012,"511012.BO"
511034,"511034.BO"
511064,"511064.BO"
511066,"511066.BO"
511072,"511072.BO"
511076,"511076.BO"
511092,"511092.BO"
511108,"511108.BO"
511110,"511110.BO"
511116,"511116.BO"
511122,"511122.BO"
511131,"511131.BO"
511144,"511144.BO"
511147,"511147.BO"
511153,"511153.BO"
511196,"511196.BO"
511208,"511208.BO"
511218,"511218.BO"
511243,"511243.BO"
511288,"511288.BO"
511333,"511333.BO"
511355,"511355.BO"
511359,"511359.BO"
511389,"511389.BO"
511391,"511391.BO"
511411,"511411.BO"
511413,"511413.BO"
511431,"511431.BO"
511451,"511451.BO"
511463,"511463.BO"
511473,"511473.BO"
511501,"511501.BO"
511505,"511505.BO"
511509,"511509.BO"
511523,"511523.BO"
511525,"511525.BO"
511533,"511533.BO"
511539,"511539.BO"
511543,"511543.BO"
511549,"511549.BO"
511551,"511551.BO"
511557,"511557.BO"
511559,"511559.BO"
511585,"511585.BO"
511589,"511589.BO"
511593,"511593.BO"
511601,"511601.BO"
511605,"511605.BO"
511607,"511607.BO"
511609,"511609.BO"
511611,"511611.BO"
511628,"511628.BO"
511630,"511630.BO"
511654,"511654.BO"
511658,"511658.BO"
511672,"511672.BO"
511676,"511676.BO"
511682,"511682.BO"
511688,"511688.BO"
511698,"511698.BO"
511702,"511702.BO"
511706,"511706.BO"
511724,"511724.BO"
511726,"511726.BO"
511728,"511728.BO"
511736,"511736.BO"
511738,"511738.BO"
511740,"511740.BO"
511754,"511754.BO"
511764,"511764.BO"
511766,"511766.BO"
511768,"511768.BO"
512018,"512018.BO"
512047,"512047.BO"
512068,"512068.BO"
512070,"512070.BO"
512093,"512093.BO"
512131,"512131.BO"
512135,"512135.BO"
512149,"512149.BO"
512161,"512161.BO"
512175,"512175.BO"
512179,"512179.BO"
512217,"512217.BO"
512229,"512229.BO"
512237,"512237.BO"
512247,"512247.BO"
512257,"512257.BO"
512267,"512267.BO"
512289,"512289.BO"
512296,"512296.BO"
512297,"512297.BO"
512299,"512299.BO"
512301,"512301.BO"
512344,"512344.BO"
512359,"512359.BO"
512369,"512369.BO"
512393,"512393.BO"
512437,"512437.BO"
512449,"512449.BO"
512453,"512453.BO"
512455,"512455.BO"
512481,"512481.BO"
512489,"512489.BO"
512493,"512493.BO"
512519,"512519.BO"
512527,"512527.BO"
512529,"512529.BO"
512531,"512531.BO"
512535,"512535.BO"
512559,"512559.BO"
512573,"512573.BO"
512579,"512579.BO"
512587,"512587.BO"
512599,"512599.BO"
512608,"512608.BO"
512618,"512618.BO"
512626,"512626.BO"
512634,"512634.BO"
513005,"513005.BO"
513010,"513010.BO"
513023,"513023.BO"
513043,"513043.BO"
513059,"513059.BO"
513063,"513063.BO"
513097,"513097.BO"
513108,"513108.BO"
513117,"513117.BO"
513121,"513121.BO"
513142,"513142.BO"
513149,"513149.BO"
513173,"513173.BO"
513179,"513179.BO"
513216,"513216.BO"
513228,"513228.BO"
513250,"513250.BO"
513252,"513252.BO"
513262,"513262.BO"
513269,"513269.BO"
513295,"513295.BO"
513303,"513303.BO"
513309,"513309.BO"
513335,"513335.BO"
513349,"513349.BO"
513353,"513353.BO"
513361,"513361.BO"
513369,"513369.BO"
513375,"513375.BO"
513377,"513377.BO"
513397,"513397.BO"
513401,"513401.BO"
513414,"513414.BO"
513430,"513430.BO"
513434,"513434.BO"
513436,"513436.BO"
513446,"513446.BO"
513456,"513456.BO"
513472,"513472.BO"
513498,"513498.BO"
513509,"513509.BO"
513511,"513511.BO"
513513,"513513.BO"
513515,"513515.BO"
513517,"513517.BO"
513519,"513519.BO"
513528,"513528.BO"
513532,"513532.BO"
513534,"513534.BO"
513536,"513536.BO"
513544,"513544.BO"
513548,"513548.BO"
513554,"513554.BO"
513566,"513566.BO"
513575,"513575.BO"
513597,"513597.BO"
513599,"513599.BO"
513605,"513605.BO"
513642,"513642.BO"
513648,"513648.BO"
513683,"513683.BO"
513687,"513687.BO"
513691,"513691.BO"
513693,"513693.BO"
513709,"513709.BO"
513713,"513713.BO"
513729,"513729.BO"
514010,"514010.BO"
514030,"514030.BO"
514034,"514034.BO"
514043,"514043.BO"
514045,"514045.BO"
514087,"514087.BO"
514113,"514113.BO"
514118,"514118.BO"
514128,"514128.BO"
514138,"514138.BO"
514140,"514140.BO"
514142,"514142.BO"
514144,"514144.BO"
514162,"514162.BO"
514165,"514165.BO"
514167,"514167.BO"
514171,"514171.BO"
514175,"514175.BO"
514183,"514183.BO"
514211,"514211.BO"
514215,"514215.BO"
514221,"514221.BO"
514234,"514234.BO"
514238,"514238.BO"
514240,"514240.BO"
514264,"514264.BO"
514266,"514266.BO"
514272,"514272.BO"
514274,"514274.BO"
514286,"514286.BO"
514300,"514300.BO"
514302,"514302.BO"
514316,"514316.BO"
514322,"514322.BO"
514326,"514326.BO"
514336,"514336.BO"
514348,"514348.BO"
514358,"514358.BO"
514394,"514394.BO"
514400,"514400.BO"
514412,"514412.BO"
514418,"514418.BO"
514428,"514428.BO"
514442,"514442.BO"
514448,"514448.BO"
514450,"514450.BO"
514460,"514460.BO"
514470,"514470.BO"
514474,"514474.BO"
515018,"515018.BO"
515030,"515030.BO"
515037,"515037.BO"
515043,"515043.BO"
515055,"515055.BO"
515059,"515059.BO"
515085,"515085.BO"
515093,"515093.BO"
515127,"515127.BO"
515145,"515145.BO"
515147,"515147.BO"
516003,"516003.BO"
516007,"516007.BO"
516016,"516016.BO"
516020,"516020.BO"
516022,"516022.BO"
516030,"516030.BO"
516064,"516064.BO"
516072,"516072.BO"
516078,"516078.BO"
516082,"516082.BO"
516086,"516086.BO"
516092,"516092.BO"
516096,"516096.BO"
516106,"516106.BO"
516108,"516108.BO"
517015,"517015.BO"
517035,"517035.BO"
517041,"517041.BO"
517059,"517059.BO"
517063,"517063.BO"
517080,"517080.BO"
517096,"517096.BO"
517119,"517119.BO"
517140,"517140.BO"
517146,"517146.BO"
517164,"517164.BO"
517166,"517166.BO"
517168,"517168.BO"
517174,"517174.BO"
517201,"517201.BO"
517206,"517206.BO"
517214,"517214.BO"
517224,"517224.BO"
517228,"517228.BO"
517246,"517246.BO"
517258,"517258.BO"
517271,"517271.BO"
517296,"517296.BO"
517300,"517300.BO"
517330,"517330.BO"
517334,"517334.BO"
517344,"517344.BO"
517354,"517354.BO"
517356,"517356.BO"
517370,"517370.BO"
517380,"517380.BO"
517385,"517385.BO"
517393,"517393.BO"
517399,"517399.BO"
517411,"517411.BO"
517415,"517415.BO"
517417,"517417.BO"
517421,"517421.BO"
517437,"517437.BO"
517447,"517447.BO"
517449,"517449.BO"
517467,"517467.BO"
517477,"517477.BO"
517481,"517481.BO"
517498,"517498.BO"
517500,"517500.BO"
517506,"517506.BO"
517514,"517514.BO"
517518,"517518.BO"
517522,"517522.BO"
517530,"517530.BO"
517536,"517536.BO"
517544,"517544.BO"
517548,"517548.BO"
517554,"517554.BO"
517556,"517556.BO"
517562,"517562.BO"
517564,"517564.BO"
517569,"517569.BO"
517571,"517571.BO"
518011,"518011.BO"
518029,"518029.BO"
518075,"518075.BO"
518091,"518091.BO"
519003,"519003.BO"
519031,"519031.BO"
519091,"519091.BO"
519097,"519097.BO"
519105,"519105.BO"
519126,"519126.BO"
519136,"519136.BO"
519152,"519152.BO"
519156,"519156.BO"
519183,"519183.BO"
519214,"519214.BO"
519216,"519216.BO"
519224,"519224.BO"
519230,"519230.BO"
519248,"519248.BO"
519260,"519260.BO"
519262,"519262.BO"
519285,"519285.BO"
519287,"519287.BO"
519295,"519295.BO"
519307,"519307.BO"
519353,"519353.BO"
519359,"519359.BO"
519383,"519383.BO"
519421,"519421.BO"
519457,"519457.BO"
519475,"519475.BO"
519477,"519477.BO"
519479,"519479.BO"
519483,"519483.BO"
519491,"519491.BO"
519494,"519494.BO"
519532,"519532.BO"
519552,"519552.BO"
519560,"519560.BO"
519566,"519566.BO"
519570,"519570.BO"
519588,"519588.BO"
519600,"519600.BO"
519602,"519602.BO"
519612,"519612.BO"
520008,"520008.BO"
520021,"520021.BO"
520043,"520043.BO"
520051,"520051.BO"
520056,"520056.BO"
520057,"520057.BO"
520059,"520059.BO"
520066,"520066.BO"
520073,"520073.BO"
520075,"520075.BO"
520077,"520077.BO"
520086,"520086.BO"
520111,"520111.BO"
520113,"520113.BO"
520119,"520119.BO"
520123,"520123.BO"
520127,"520127.BO"
520151,"520151.BO"
520155,"520155.BO"
521005,"521005.BO"
521014,"521014.BO"
521016,"521016.BO"
521018,"521018.BO"
521030,"521030.BO"
521034,"521034.BO"
521062,"521062.BO"
521064,"521064.BO"
521070,"521070.BO"
521076,"521076.BO"
521082,"521082.BO"
521097,"521097.BO"
521105,"521105.BO"
521109,"521109.BO"
521113,"521113.BO"
521127,"521127.BO"
521131,"521131.BO"
521141,"521141.BO"
521149,"521149.BO"
521161,"521161.BO"
521163,"521163.BO"
521167,"521167.BO"
521180,"521180.BO"
521182,"521182.BO"
521194,"521194.BO"
521200,"521200.BO"
521206,"521206.BO"
521220,"521220.BO"
521226,"521226.BO"
521234,"521234.BO"
521240,"521240.BO"
521242,"521242.BO"
521248,"521248.BO"
522001,"522001.BO"
522004,"522004.BO"
522005,"522005.BO"
522014,"522014.BO"
522017,"522017.BO"
522029,"522029.BO"
522034,"522034.BO"
522064,"522064.BO"
522073,"522073.BO"
522074,"522074.BO"
522085,"522085.BO"
522101,"522101.BO"
522105,"522105.BO"
522108,"522108.BO"
522113,"522113.BO"
522122,"522122.BO"
522134,"522134.BO"
522152,"522152.BO"
522163,"522163.BO"
522165,"522165.BO"
522183,"522183.BO"
522195,"522195.BO"
522205,"522205.BO"
522207,"522207.BO"
522209,"522209.BO"
522215,"522215.BO"
522217,"522217.BO"
522229,"522229.BO"
522231,"522231.BO"
522241,"522241.BO"
522245,"522245.BO"
522249,"522249.BO"
522251,"522251.BO"
522257,"522257.BO"
522261,"522261.BO"
522263,"522263.BO"
522267,"522267.BO"
522273,"522273.BO"
522275,"522275.BO"
522281,"522281.BO"
522285,"522285.BO"
522287,"522287.BO"
522292,"522292.BO"
522294,"522294.BO"
522295,"522295.BO"
522650,"522650.BO"
523007,"523007.BO"
523011,"523011.BO"
523019,"523019.BO"
523021,"523021.BO"
523023,"523023.BO"
523025,"523025.BO"
523062,"523062.BO"
523100,"523100.BO"
523105,"523105.BO"
523120,"523120.BO"
523127,"523127.BO"
523144,"523144.BO"
523160,"523160.BO"
523204,"523204.BO"
523207,"523207.BO"
523222,"523222.BO"
523229,"523229.BO"
523232,"523232.BO"
523236,"523236.BO"
523248,"523248.BO"
523260,"523260.BO"
523261,"523261.BO"
523269,"523269.BO"
523277,"523277.BO"
523283,"523283.BO"
523301,"523301.BO"
523319,"523319.BO"
523323,"523323.BO"
523329,"523329.BO"
523367,"523367.BO"
523369,"523369.BO"
523371,"523371.BO"
523385,"523385.BO"
523387,"523387.BO"
523391,"523391.BO"
523395,"523395.BO"
523398,"523398.BO"
523405,"523405.BO"
523411,"523411.BO"
523419,"523419.BO"
523445,"523445.BO"
523449,"523449.BO"
523457,"523457.BO"
523465,"523465.BO"
523467,"523467.BO"
523483,"523483.BO"
523523,"523523.BO"
523537,"523537.BO"
523539,"523539.BO"
523550,"523550.BO"
523566,"523566.BO"
523574,"523574.BO"
523586,"523586.BO"
523592,"523592.BO"
523594,"523594.BO"
523598,"523598.BO"
523606,"523606.BO"
523610,"523610.BO"
523618,"523618.BO"
523620,"523620.BO"
523628,"523628.BO"
523630,"523630.BO"
523638,"523638.BO"
523642,"523642.BO"
523648,"523648.BO"
523650,"523650.BO"
523652,"523652.BO"
523660,"523660.BO"
523672,"523672.BO"
523676,"523676.BO"
523694,"523694.BO"
523696,"523696.BO"
523704,"523704.BO"
523708,"523708.BO"
523710,"523710.BO"
523716,"523716.BO"
523722,"523722.BO"
523724,"523724.BO"
523732,"523732.BO"
523736,"523736.BO"
523754,"523754.BO"
523756,"523756.BO"
523768,"523768.BO"
523790,"523790.BO"
523792,"523792.BO"
523796,"523796.BO"
523810,"523810.BO"
523820,"523820.BO"
523828,"523828.BO"
523836,"523836.BO"
523838,"523838.BO"
523840,"523840.BO"
523842,"523842.BO"
523850,"523850.BO"
523890,"523890.BO"
524000,"524000.BO"
524013,"524013.BO"
524019,"524019.BO"
524037,"524037.BO"
524038,"524038.BO"
524051,"524051.BO"
524075,"524075.BO"
524080,"524080.BO"
524084,"524084.BO"
524091,"524091.BO"
524109,"524109.BO"
524129,"524129.BO"
524136,"524136.BO"
524164,"524164.BO"
524174,"524174.BO"
524200,"524200.BO"
524202,"524202.BO"
524204,"524204.BO"
524208,"524208.BO"
524210,"524210.BO"
524212,"524212.BO"
524218,"524218.BO"
524226,"524226.BO"
524230,"524230.BO"
524280,"524280.BO"
524288,"524288.BO"
524314,"524314.BO"
524322,"524322.BO"
524324,"524324.BO"
524330,"524330.BO"
524332,"524332.BO"
524336,"524336.BO"
524342,"524342.BO"
524348,"524348.BO"
524370,"524370.BO"
524372,"524372.BO"
524394,"524394.BO"
524396,"524396.BO"
524400,"524400.BO"
524404,"524404.BO"
524412,"524412.BO"
524440,"524440.BO"
524444,"524444.BO"
524470,"524470.BO"
524480,"524480.BO"
524488,"524488.BO"
524494,"524494.BO"
524500,"524500.BO"
524506,"524506.BO"
524516,"524516.BO"
524518,"524518.BO"
524520,"524520.BO"
524522,"524522.BO"
524540,"524540.BO"
524542,"524542.BO"
524558,"524558.BO"
524564,"524564.BO"
524570,"524570.BO"
524576,"524576.BO"
524580,"524580.BO"
524582,"524582.BO"
524590,"524590.BO"
524592,"524592.BO"
524594,"524594.BO"
524598,"524598.BO"
524606,"524606.BO"
524610,"524610.BO"
524632,"524632.BO"
524634,"524634.BO"
524640,"524640.BO"
524648,"524648.BO"
524652,"524652.BO"
524654,"524654.BO"
524663,"524663.BO"
524667,"524667.BO"
524669,"524669.BO"
524675,"524675.BO"
524687,"524687.BO"
524689,"524689.BO"
524699,"524699.BO"
524703,"524703.BO"
524709,"524709.BO"
524711,"524711.BO"
524715,"524715.BO"
524717,"524717.BO"
524727,"524727.BO"
524731,"524731.BO"
524735,"524735.BO"
524742,"524742.BO"
524748,"524748.BO"
524752,"524752.BO"
524758,"524758.BO"
524764,"524764.BO"
524768,"524768.BO"
524774,"524774.BO"
524790,"524790.BO"
524804,"524804.BO"
524808,"524808.BO"
524816,"524816.BO"
524818,"524818.BO"
524820,"524820.BO"
524824,"524824.BO"
524828,"524828.BO"
526001,"526001.BO"
526025,"526025.BO"
526027,"526027.BO"
526043,"526043.BO"
526093,"526093.BO"
526117,"526117.BO"
526133,"526133.BO"
526137,"526137.BO"
526139,"526139.BO"
526143,"526143.BO"
526159,"526159.BO"
526161,"526161.BO"
526169,"526169.BO"
526173,"526173.BO"
526179,"526179.BO"
526195,"526195.BO"
526217,"526217.BO"
526227,"526227.BO"
526235,"526235.BO"
526237,"526237.BO"
526241,"526241.BO"
526247,"526247.BO"
526263,"526263.BO"
526285,"526285.BO"
526299,"526299.BO"
526301,"526301.BO"
526315,"526315.BO"
526325,"526325.BO"
526355,"526355.BO"
526365,"526365.BO"
526367,"526367.BO"
526371,"526371.BO"
526381,"526381.BO"
526397,"526397.BO"
526407,"526407.BO"
526409,"526409.BO"
526415,"526415.BO"
526423,"526423.BO"
526433,"526433.BO"
526435,"526435.BO"
526468,"526468.BO"
526471,"526471.BO"
526477,"526477.BO"
526479,"526479.BO"
526481,"526481.BO"
526492,"526492.BO"
526504,"526504.BO"
526512,"526512.BO"
526519,"526519.BO"
526521,"526521.BO"
526523,"526523.BO"
526525,"526525.BO"
526538,"526538.BO"
526544,"526544.BO"
526546,"526546.BO"
526550,"526550.BO"
526554,"526554.BO"
526558,"526558.BO"
526576,"526576.BO"
526582,"526582.BO"
526586,"526586.BO"
526588,"526588.BO"
526594,"526594.BO"
526596,"526596.BO"
526604,"526604.BO"
526608,"526608.BO"
526612,"526612.BO"
526614,"526614.BO"
526616,"526616.BO"
526622,"526622.BO"
526640,"526640.BO"
526642,"526642.BO"
526650,"526650.BO"
526652,"526652.BO"
526666,"526666.BO"
526668,"526668.BO"
526687,"526687.BO"
526689,"526689.BO"
526703,"526703.BO"
526705,"526705.BO"
526707,"526707.BO"
526711,"526711.BO"
526717,"526717.BO"
526721,"526721.BO"
526723,"526723.BO"
526725,"526725.BO"
526727,"526727.BO"
526729,"526729.BO"
526731,"526731.BO"
526735,"526735.BO"
526737,"526737.BO"
526739,"526739.BO"
526747,"526747.BO"
526755,"526755.BO"
526761,"526761.BO"
526775,"526775.BO"
526783,"526783.BO"
526797,"526797.BO"
526799,"526799.BO"
526801,"526801.BO"
526807,"526807.BO"
526813,"526813.BO"
526817,"526817.BO"
526821,"526821.BO"
526823,"526823.BO"
526827,"526827.BO"
526829,"526829.BO"
526839,"526839.BO"
526847,"526847.BO"
526849,"526849.BO"
526851,"526851.BO"
526853,"526853.BO"
526861,"526861.BO"
526865,"526865.BO"
526881,"526881.BO"
526885,"526885.BO"
526899,"526899.BO"
526905,"526905.BO"
526917,"526917.BO"
526921,"526921.BO"
526927,"526927.BO"
526931,"526931.BO"
526947,"526947.BO"
526951,"526951.BO"
526953,"526953.BO"
526957,"526957.BO"
526971,"526971.BO"
526981,"526981.BO"
526987,"526987.BO"
527001,"527001.BO"
530001,"530001.BO"
530005,"530005.BO"
530007,"530007.BO"
530011,"530011.BO"
530017,"530017.BO"
530019,"530019.BO"
530023,"530023.BO"
530035,"530035.BO"
530043,"530043.BO"
530045,"530045.BO"
530047,"530047.BO"
530049,"530049.BO"
530053,"530053.BO"
530063,"530063.BO"
530067,"530067.BO"
530073,"530073.BO"
530075,"530075.BO"
530077,"530077.BO"
530079,"530079.BO"
530093,"530093.BO"
530095,"530095.BO"
530111,"530111.BO"
530117,"530117.BO"
530125,"530125.BO"
530127,"530127.BO"
530129,"530129.BO"
530131,"530131.BO"
530133,"530133.BO"
530135,"530135.BO"
530145,"530145.BO"
530149,"530149.BO"
530151,"530151.BO"
530163,"530163.BO"
530167,"530167.BO"
530169,"530169.BO"
530175,"530175.BO"
530185,"530185.BO"
530187,"530187.BO"
530191,"530191.BO"
530199,"530199.BO"
530201,"530201.BO"
530207,"530207.BO"
530215,"530215.BO"
530233,"530233.BO"
530235,"530235.BO"
530239,"530239.BO"
530243,"530243.BO"
530249,"530249.BO"
530251,"530251.BO"
530255,"530255.BO"
530259,"530259.BO"
530263,"530263.BO"
530271,"530271.BO"
530299,"530299.BO"
530305,"530305.BO"
530307,"530307.BO"
530309,"530309.BO"
530315,"530315.BO"
530317,"530317.BO"
530331,"530331.BO"
530333,"530333.BO"
530341,"530341.BO"
530343,"530343.BO"
530355,"530355.BO"
530363,"530363.BO"
530365,"530365.BO"
530367,"530367.BO"
530369,"530369.BO"
530377,"530377.BO"
530381,"530381.BO"
530401,"530401.BO"
530405,"530405.BO"
530407,"530407.BO"
530419,"530419.BO"
530421,"530421.BO"
530427,"530427.BO"
530431,"530431.BO"
530433,"530433.BO"
530439,"530439.BO"
530445,"530445.BO"
530449,"530449.BO"
530459,"530459.BO"
530461,"530461.BO"
530475,"530475.BO"
530477,"530477.BO"
530499,"530499.BO"
530517,"530517.BO"
530521,"530521.BO"
530525,"530525.BO"
530543,"530543.BO"
530545,"530545.BO"
530549,"530549.BO"
530555,"530555.BO"
530557,"530557.BO"
530571,"530571.BO"
530577,"530577.BO"
530579,"530579.BO"
530581,"530581.BO"
530585,"530585.BO"
530589,"530589.BO"
530601,"530601.BO"
530609,"530609.BO"
530611,"530611.BO"
530617,"530617.BO"
530621,"530621.BO"
530627,"530627.BO"
530655,"530655.BO"
530665,"530665.BO"
530689,"530689.BO"
530695,"530695.BO"
530697,"530697.BO"
530699,"530699.BO"
530703,"530703.BO"
530711,"530711.BO"
530713,"530713.BO"
530715,"530715.BO"
530721,"530721.BO"
530723,"530723.BO"
530741,"530741.BO"
530745,"530745.BO"
530759,"530759.BO"
530773,"530773.BO"
530777,"530777.BO"
530779,"530779.BO"
530789,"530789.BO"
530803,"530803.BO"
530805,"530805.BO"
530809,"530809.BO"
530813,"530813.BO"
530815,"530815.BO"
530821,"530821.BO"
530825,"530825.BO"
530829,"530829.BO"
530839,"530839.BO"
530843,"530843.BO"
530845,"530845.BO"
530859,"530859.BO"
530867,"530867.BO"
530871,"530871.BO"
530883,"530883.BO"
530889,"530889.BO"
530897,"530897.BO"
530919,"530919.BO"
530931,"530931.BO"
530943,"530943.BO"
530953,"530953.BO"
530959,"530959.BO"
530961,"530961.BO"
530965,"530965.BO"
530971,"530971.BO"
530973,"530973.BO"
530977,"530977.BO"
530979,"530979.BO"
530991,"530991.BO"
530997,"530997.BO"
530999,"530999.BO"
531025,"531025.BO"
531027,"531027.BO"
531041,"531041.BO"
531043,"531043.BO"
531069,"531069.BO"
531080,"531080.BO"
531082,"531082.BO"
531083,"531083.BO"
531092,"531092.BO"
531099,"531099.BO"
531109,"531109.BO"
531120,"531120.BO"
531127,"531127.BO"
531129,"531129.BO"
531146,"531146.BO"
531147,"531147.BO"
531153,"531153.BO"
531156,"531156.BO"
531157,"531157.BO"
531158,"531158.BO"
531161,"531161.BO"
531162,"531162.BO"
531173,"531173.BO"
531175,"531175.BO"
531176,"531176.BO"
531178,"531178.BO"
531179,"531179.BO"
531196,"531196.BO"
531199,"531199.BO"
531201,"531201.BO"
531209,"531209.BO"
531212,"531212.BO"
531213,"531213.BO"
531215,"531215.BO"
531216,"531216.BO"
531223,"531223.BO"
531228,"531228.BO"
531233,"531233.BO"
531241,"531241.BO"
531253,"531253.BO"
531254,"531254.BO"
531255,"531255.BO"
531266,"531266.BO"
531272,"531272.BO"
531273,"531273.BO"
531278,"531278.BO"
531281,"531281.BO"
531287,"531287.BO"
531289,"531289.BO"
531297,"531297.BO"
531300,"531300.BO"
531306,"531306.BO"
531323,"531323.BO"
531324,"531324.BO"
531328,"531328.BO"
531335,"531335.BO"
531336,"531336.BO"
531337,"531337.BO"
531339,"531339.BO"
531343,"531343.BO"
531344,"531344.BO"
531346,"531346.BO"
531349,"531349.BO"
531358,"531358.BO"
531359,"531359.BO"
531367,"531367.BO"
531373,"531373.BO"
531381,"531381.BO"
531390,"531390.BO"
531397,"531397.BO"
531398,"531398.BO"
531400,"531400.BO"
531404,"531404.BO"
531410,"531410.BO"
531411,"531411.BO"
531417,"531417.BO"
531426,"531426.BO"
531429,"531429.BO"
531431,"531431.BO"
531433,"531433.BO"
531437,"531437.BO"
531439,"531439.BO"
531447,"531447.BO"
531449,"531449.BO"
531453,"531453.BO"
531454,"531454.BO"
531456,"531456.BO"
531460,"531460.BO"
531463,"531463.BO"
531467,"531467.BO"
531471,"531471.BO"
531472,"531472.BO"
531486,"531486.BO"
531489,"531489.BO"
531494,"531494.BO"
531497,"531497.BO"
531499,"531499.BO"
531500,"531500.BO"
531502,"531502.BO"
531508,"531508.BO"
531518,"531518.BO"
531519,"531519.BO"
531522,"531522.BO"
531524,"531524.BO"
531525,"531525.BO"
531531,"531531.BO"
531533,"531533.BO"
531539,"531539.BO"
531540,"531540.BO"
531541,"531541.BO"
531543,"531543.BO"
531547,"531547.BO"
531548,"531548.BO"
531552,"531552.BO"
531556,"531556.BO"
531568,"531568.BO"
531569,"531569.BO"
531574,"531574.BO"
531582,"531582.BO"
531590,"531590.BO"
531591,"531591.BO"
531595,"531595.BO"
531598,"531598.BO"
531599,"531599.BO"
531608,"531608.BO"
531611,"531611.BO"
531612,"531612.BO"
531613,"531613.BO"
531616,"531616.BO"
531621,"531621.BO"
531624,"531624.BO"
531633,"531633.BO"
531637,"531637.BO"
531638,"531638.BO"
531642,"531642.BO"
531644,"531644.BO"
531650,"531650.BO"
531652,"531652.BO"
531661,"531661.BO"
531668,"531668.BO"
531680,"531680.BO"
531686,"531686.BO"
531687,"531687.BO"
531688,"531688.BO"
531692,"531692.BO"
531695,"531695.BO"
531703,"531703.BO"
531712,"531712.BO"
531717,"531717.BO"
531719,"531719.BO"
531723,"531723.BO"
531726,"531726.BO"
531727,"531727.BO"
531737,"531737.BO"
531738,"531738.BO"
531739,"531739.BO"
531744,"531744.BO"
531746,"531746.BO"
531752,"531752.BO"
531761,"531761.BO"
531762,"531762.BO"
531768,"531768.BO"
531769,"531769.BO"
531780,"531780.BO"
531791,"531791.BO"
531795,"531795.BO"
531802,"531802.BO"
531810,"531810.BO"
531814,"531814.BO"
531816,"531816.BO"
531822,"531822.BO"
531831,"531831.BO"
531840,"531840.BO"
531841,"531841.BO"
531842,"531842.BO"
531845,"531845.BO"
531855,"531855.BO"
531859,"531859.BO"
531861,"531861.BO"
531862,"531862.BO"
531867,"531867.BO"
531869,"531869.BO"
531878,"531878.BO"
531879,"531879.BO"
531881,"531881.BO"
531882,"531882.BO"
531888,"531888.BO"
531892,"531892.BO"
531898,"531898.BO"
531900,"531900.BO"
531921,"531921.BO"
531923,"531923.BO"
531934,"531934.BO"
531936,"531936.BO"
531950,"531950.BO"
531952,"531952.BO"
531977,"531977.BO"
531978,"531978.BO"
531979,"531979.BO"
531996,"531996.BO"
532005,"532005.BO"
532016,"532016.BO"
532022,"532022.BO"
532025,"532025.BO"
532033,"532033.BO"
532035,"532035.BO"
532039,"532039.BO"
532041,"532041.BO"
532051,"532051.BO"
532053,"532053.BO"
532054,"532054.BO"
532056,"532056.BO"
532057,"532057.BO"
532067,"532067.BO"
532070,"532070.BO"
532081,"532081.BO"
532090,"532090.BO"
532097,"532097.BO"
532100,"532100.BO"
532102,"532102.BO"
532106,"532106.BO"
532114,"532114.BO"
532121,"532121.BO"
532123,"532123.BO"
532124,"532124.BO"
532127,"532127.BO"
532129,"532129.BO"
532133,"532133.BO"
532134,"532134.BO"
532139,"532139.BO"
532140,"532140.BO"
532141,"532141.BO"
532143,"532143.BO"
532144,"532144.BO"
532145,"532145.BO"
532149,"532149.BO"
532150,"532150.BO"
532155,"532155.BO"
532156,"532156.BO"
532162,"532162.BO"
532163,"532163.BO"
532172,"532172.BO"
532173,"532173.BO"
532174,"532174.BO"
532175,"532175.BO"
532178,"532178.BO"
532179,"532179.BO"
532180,"532180.BO"
532181,"532181.BO"
532183,"532183.BO"
532187,"532187.BO"
532189,"532189.BO"
532209,"532209.BO"
532210,"532210.BO"
532212,"532212.BO"
532215,"532215.BO"
532216,"532216.BO"
532218,"532218.BO"
532219,"532219.BO"
532221,"532221.BO"
532230,"532230.BO"
532234,"532234.BO"
532240,"532240.BO"
532254,"532254.BO"
532256,"532256.BO"
532259,"532259.BO"
532268,"532268.BO"
532271,"532271.BO"
532275,"532275.BO"
532276,"532276.BO"
532281,"532281.BO"
532282,"532282.BO"
532284,"532284.BO"
532285,"532285.BO"
532286,"532286.BO"
532290,"532290.BO"
532296,"532296.BO"
532300,"532300.BO"
532301,"532301.BO"
532304,"532304.BO"
532305,"532305.BO"
532307,"532307.BO"
532309,"532309.BO"
532310,"532310.BO"
532313,"532313.BO"
532321,"532321.BO"
532323,"532323.BO"
532324,"532324.BO"
532326,"532326.BO"
532329,"532329.BO"
532330,"532330.BO"
532331,"532331.BO"
532332,"532332.BO"
532333,"532333.BO"
532334,"532334.BO"
532339,"532339.BO"
532340,"532340.BO"
532341,"532341.BO"
532342,"532342.BO"
532343,"532343.BO"
532344,"532344.BO"
532345,"532345.BO"
532348,"532348.BO"
532349,"532349.BO"
532350,"532350.BO"
532351,"532351.BO"
532354,"532354.BO"
532355,"532355.BO"
532356,"532356.BO"
532357,"532357.BO"
532362,"532362.BO"
532364,"532364.BO"
532365,"532365.BO"
532366,"532366.BO"
532368,"532368.BO"
532369,"532369.BO"
532370,"532370.BO"
532371,"532371.BO"
532372,"532372.BO"
532373,"532373.BO"
532374,"532374.BO"
532375,"532375.BO"
532376,"532376.BO"
532378,"532378.BO"
532379,"532379.BO"
532380,"532380.BO"
532382,"532382.BO"
532384,"532384.BO"
532386,"532386.BO"
532387,"532387.BO"
532388,"532388.BO"
532390,"532390.BO"
532391,"532391.BO"
532392,"532392.BO"
532395,"532395.BO"
532397,"532397.BO"
532398,"532398.BO"
532400,"532400.BO"
532401,"532401.BO"
532404,"532404.BO"
532406,"532406.BO"
532407,"532407.BO"
532408,"532408.BO"
532410,"532410.BO"
532411,"532411.BO"
532413,"532413.BO"
532414,"532414.BO"
532416,"532416.BO"
532418,"532418.BO"
532419,"532419.BO"
532424,"532424.BO"
532430,"532430.BO"
532432,"532432.BO"
532435,"532435.BO"
532439,"532439.BO"
532440,"532440.BO"
532443,"532443.BO"
532444,"532444.BO"
532454,"532454.BO"
532455,"532455.BO"
532456,"532456.BO"
532457,"532457.BO"
532459,"532459.BO"
532460,"532460.BO"
532461,"532461.BO"
532466,"532466.BO"
532467,"532467.BO"
532468,"532468.BO"
532475,"532475.BO"
532477,"532477.BO"
532478,"532478.BO"
532479,"532479.BO"
532480,"532480.BO"
532481,"532481.BO"
532482,"532482.BO"
532483,"532483.BO"
532485,"532485.BO"
532486,"532486.BO"
532488,"532488.BO"
532493,"532493.BO"
532497,"532497.BO"
532498,"532498.BO"
532500,"532500.BO"
532503,"532503.BO"
532504,"532504.BO"
532505,"532505.BO"
532507,"532507.BO"
532508,"532508.BO"
532509,"532509.BO"
532511,"532511.BO"
532513,"532513.BO"
532514,"532514.BO"
532515,"532515.BO"
532518,"532518.BO"
532521,"532521.BO"
532522,"532522.BO"
532523,"532523.BO"
532524,"532524.BO"
532525,"532525.BO"
532527,"532527.BO"
532528,"532528.BO"
532529,"532529.BO"
532531,"532531.BO"
532532,"532532.BO"
532538,"532538.BO"
532539,"532539.BO"
532540,"532540.BO"
532541,"532541.BO"
532543,"532543.BO"
532548,"532548.BO"
532553,"532553.BO"
532555,"532555.BO"
532604,"532604.BO"
532605,"532605.BO"
532609,"532609.BO"
532610,"532610.BO"
532612,"532612.BO"
532613,"532613.BO"
532614,"532614.BO"
532616,"532616.BO"
532617,"532617.BO"
532621,"532621.BO"
532622,"532622.BO"
532624,"532624.BO"
532626,"532626.BO"
532627,"532627.BO"
532628,"532628.BO"
532629,"532629.BO"
532630,"532630.BO"
532633,"532633.BO"
532636,"532636.BO"
532637,"532637.BO"
532638,"532638.BO"
532640,"532640.BO"
532641,"532641.BO"
532642,"532642.BO"
532644,"532644.BO"
532645,"532645.BO"
532646,"532646.BO"
532647,"532647.BO"
532648,"532648.BO"
532649,"532649.BO"
532650,"532650.BO"
532651,"532651.BO"
532652,"532652.BO"
532654,"532654.BO"
532656,"532656.BO"
532658,"532658.BO"
532659,"532659.BO"
532660,"532660.BO"
532661,"532661.BO"
532662,"532662.BO"
532663,"532663.BO"
532665,"532665.BO"
532666,"532666.BO"
532667,"532667.BO"
532668,"532668.BO"
532669,"532669.BO"
532670,"532670.BO"
532673,"532673.BO"
532674,"532674.BO"
532676,"532676.BO"
532678,"532678.BO"
532679,"532679.BO"
532682,"532682.BO"
532683,"532683.BO"
532684,"532684.BO"
532686,"532686.BO"
532687,"532687.BO"
532689,"532689.BO"
532690,"532690.BO"
532692,"532692.BO"
532693,"532693.BO"
532694,"532694.BO"
532695,"532695.BO"
532696,"532696.BO"
532698,"532698.BO"
532699,"532699.BO"
532700,"532700.BO"
532701,"532701.BO"
532702,"532702.BO"
532705,"532705.BO"
532706,"532706.BO"
532707,"532707.BO"
532708,"532708.BO"
532710,"532710.BO"
532711,"532711.BO"
532712,"532712.BO"
532713,"532713.BO"
532714,"532714.BO"
532715,"532715.BO"
532716,"532716.BO"
532717,"532717.BO"
532718,"532718.BO"
532719,"532719.BO"
532720,"532720.BO"
532721,"532721.BO"
532722,"532722.BO"
532723,"532723.BO"
532725,"532725.BO"
532726,"532726.BO"
532727,"532727.BO"
532728,"532728.BO"
532729,"532729.BO"
532730,"532730.BO"
532731,"532731.BO"
532732,"532732.BO"
532733,"532733.BO"
532734,"532734.BO"
532735,"532735.BO"
532737,"532737.BO"
532738,"532738.BO"
532740,"532740.BO"
532741,"532741.BO"
532742,"532742.BO"
532744,"532744.BO"
532745,"532745.BO"
532746,"532746.BO"
532748,"532748.BO"
532749,"532749.BO"
532751,"532751.BO"
532754,"532754.BO"
532755,"532755.BO"
532756,"532756.BO"
532757,"532757.BO"
532759,"532759.BO"
532760,"532760.BO"
532761,"532761.BO"
532762,"532762.BO"
532764,"532764.BO"
532765,"532765.BO"
532766,"532766.BO"
532767,"532767.BO"
532768,"532768.BO"
532770,"532770.BO"
532771,"532771.BO"
532772,"532772.BO"
532773,"532773.BO"
532774,"532774.BO"
532775,"532775.BO"
532776,"532776.BO"
532777,"532777.BO"
532778,"532778.BO"
532779,"532779.BO"
532780,"532780.BO"
532782,"532782.BO"
532783,"532783.BO"
532784,"532784.BO"
532785,"532785.BO"
532787,"532787.BO"
532788,"532788.BO"
532790,"532790.BO"
532794,"532794.BO"
532795,"532795.BO"
532796,"532796.BO"
532797,"532797.BO"
532798,"532798.BO"
532799,"532799.BO"
532800,"532800.BO"
532801,"532801.BO"
532803,"532803.BO"
532804,"532804.BO"
532805,"532805.BO"
532807,"532807.BO"
532808,"532808.BO"
532809,"532809.BO"
532810,"532810.BO"
532811,"532811.BO"
532812,"532812.BO"
532813,"532813.BO"
532814,"532814.BO"
532815,"532815.BO"
532817,"532817.BO"
532819,"532819.BO"
532820,"532820.BO"
532822,"532822.BO"
532823,"532823.BO"
532826,"532826.BO"
532827,"532827.BO"
532828,"532828.BO"
532829,"532829.BO"
532830,"532830.BO"
532832,"532832.BO"
532834,"532834.BO"
532835,"532835.BO"
532839,"532839.BO"
532841,"532841.BO"
532842,"532842.BO"
532843,"532843.BO"
532845,"532845.BO"
532847,"532847.BO"
532848,"532848.BO"
532850,"532850.BO"
532851,"532851.BO"
532852,"532852.BO"
532853,"532853.BO"
532854,"532854.BO"
532856,"532856.BO"
532859,"532859.BO"
532864,"532864.BO"
532865,"532865.BO"
532866,"532866.BO"
532867,"532867.BO"
532868,"532868.BO"
532869,"532869.BO"
532870,"532870.BO"
532871,"532871.BO"
532872,"532872.BO"
532873,"532873.BO"
532874,"532874.BO"
532875,"532875.BO"
532877,"532877.BO"
532878,"532878.BO"
532879,"532879.BO"
532880,"532880.BO"
532882,"532882.BO"
532883,"532883.BO"
532884,"532884.BO"
532885,"532885.BO"
532886,"532886.BO"
532887,"532887.BO"
532888,"532888.BO"
532889,"532889.BO"
532890,"532890.BO"
532891,"532891.BO"
532892,"532892.BO"
532893,"532893.BO"
532894,"532894.BO"
532895,"532895.BO"
532896,"532896.BO"
532898,"532898.BO"
532899,"532899.BO"
532900,"532900.BO"
532902,"532902.BO"
532904,"532904.BO"
532905,"532905.BO"
532906,"532906.BO"
532907,"532907.BO"
532908,"532908.BO"
532911,"532911.BO"
532914,"532914.BO"
532915,"532915.BO"
532916,"532916.BO"
532918,"532918.BO"
532919,"532919.BO"
532920,"532920.BO"
532921,"532921.BO"
532922,"532922.BO"
532923,"532923.BO"
532924,"532924.BO"
532925,"532925.BO"
532926,"532926.BO"
532927,"532927.BO"
532928,"532928.BO"
532929,"532929.BO"
532930,"532930.BO"
532931,"532931.BO"
532932,"532932.BO"
532933,"532933.BO"
532934,"532934.BO"
532935,"532935.BO"
532937,"532937.BO"
532938,"532938.BO"
532939,"532939.BO"
532940,"532940.BO"
532941,"532941.BO"
532942,"532942.BO"
532944,"532944.BO"
532945,"532945.BO"
532946,"532946.BO"
532947,"532947.BO"
532948,"532948.BO"
532951,"532951.BO"
532952,"532952.BO"
532953,"532953.BO"
532955,"532955.BO"
532957,"532957.BO"
532959,"532959.BO"
532960,"532960.BO"
532961,"532961.BO"
532966,"532966.BO"
532967,"532967.BO"
532972,"532972.BO"
532974,"532974.BO"
532975,"532975.BO"
532976,"532976.BO"
532977,"532977.BO"
532978,"532978.BO"
532979,"532979.BO"
532980,"532980.BO"
532983,"532983.BO"
532985,"532985.BO"
532986,"532986.BO"
532987,"532987.BO"
532988,"532988.BO"
532989,"532989.BO"
532990,"532990.BO"
532991,"532991.BO"
532992,"532992.BO"
532993,"532993.BO"
532994,"532994.BO"
532997,"532997.BO"
532998,"532998.BO"
533001,"533001.BO"
533006,"533006.BO"
533007,"533007.BO"
533008,"533008.BO"
533012,"533012.BO"
533014,"533014.BO"
533015,"533015.BO"
533022,"533022.BO"
533023,"533023.BO"
533029,"533029.BO"
533033,"533033.BO"
533047,"533047.BO"
533056,"533056.BO"
533068,"533068.BO"
533080,"533080.BO"
533088,"533088.BO"
533090,"533090.BO"
533093,"533093.BO"
533095,"533095.BO"
533096,"533096.BO"
533098,"533098.BO"
533103,"533103.BO"
533104,"533104.BO"
533106,"533106.BO"
533107,"533107.BO"
533108,"533108.BO"
533109,"533109.BO"
533110,"533110.BO"
533121,"533121.BO"
533122,"533122.BO"
533137,"533137.BO"
533138,"533138.BO"
533144,"533144.BO"
533146,"533146.BO"
533148,"533148.BO"
533149,"533149.BO"
533150,"533150.BO"
533151,"533151.BO"
533152,"533152.BO"
533154,"533154.BO"
533155,"533155.BO"
533156,"533156.BO"
533157,"533157.BO"
533158,"533158.BO"
533160,"533160.BO"
533161,"533161.BO"
533162,"533162.BO"
533163,"533163.BO"
533164,"533164.BO"
533166,"533166.BO"
533167,"533167.BO"
533168,"533168.BO"
533169,"533169.BO"
533170,"533170.BO"
533171,"533171.BO"
533176,"533176.BO"
533177,"533177.BO"
533178,"533178.BO"
533179,"533179.BO"
533180,"533180.BO"
533181,"533181.BO"
533189,"533189.BO"
533192,"533192.BO"
533193,"533193.BO"
533200,"533200.BO"
533202,"533202.BO"
533203,"533203.BO"
533204,"533204.BO"
533206,"533206.BO"
533207,"533207.BO"
533208,"533208.BO"
533210,"533210.BO"
533211,"533211.BO"
533212,"533212.BO"
533213,"533213.BO"
533216,"533216.BO"
533217,"533217.BO"
533218,"533218.BO"
533221,"533221.BO"
533228,"533228.BO"
533229,"533229.BO"
533230,"533230.BO"
533239,"533239.BO"
533244,"533244.BO"
533248,"533248.BO"
533252,"533252.BO"
533257,"533257.BO"
533259,"533259.BO"
533260,"533260.BO"
533261,"533261.BO"
533262,"533262.BO"
533263,"533263.BO"
533264,"533264.BO"
533265,"533265.BO"
533267,"533267.BO"
533269,"533269.BO"
533270,"533270.BO"
533271,"533271.BO"
533272,"533272.BO"
533273,"533273.BO"
533274,"533274.BO"
533275,"533275.BO"
533276,"533276.BO"
533278,"533278.BO"
533281,"533281.BO"
533282,"533282.BO"
533284,"533284.BO"
533285,"533285.BO"
533286,"533286.BO"
533287,"533287.BO"
533288,"533288.BO"
533289,"533289.BO"
533292,"533292.BO"
533293,"533293.BO"
533294,"533294.BO"
533295,"533295.BO"
533296,"533296.BO"
533298,"533298.BO"
533301,"533301.BO"
533302,"533302.BO"
533303,"533303.BO"
533305,"533305.BO"
533306,"533306.BO"
533309,"533309.BO"
533315,"533315.BO"
533316,"533316.BO"
533317,"533317.BO"
533320,"533320.BO"
533321,"533321.BO"
533326,"533326.BO"
533329,"533329.BO"
533333,"533333.BO"
533336,"533336.BO"
533339,"533339.BO"
533343,"533343.BO"
533344,"533344.BO"
533385,"533385.BO"
533389,"533389.BO"
533393,"533393.BO"
533398,"533398.BO"
533400,"533400.BO"
533407,"533407.BO"
533408,"533408.BO"
533411,"533411.BO"
533427,"533427.BO"
533451,"533451.BO"
533452,"533452.BO"
533470,"533470.BO"
533477,"533477.BO"
533482,"533482.BO"
533499,"533499.BO"
533506,"533506.BO"
533519,"533519.BO"
533520,"533520.BO"
533525,"533525.BO"
533540,"533540.BO"
533543,"533543.BO"
533552,"533552.BO"
533553,"533553.BO"
533569,"533569.BO"
533570,"533570.BO"
533573,"533573.BO"
533576,"533576.BO"
533581,"533581.BO"
533602,"533602.BO"
533605,"533605.BO"
533608,"533608.BO"
533629,"533629.BO"
533632,"533632.BO"
533638,"533638.BO"
533644,"533644.BO"
533655,"533655.BO"
533676,"533676.BO"
533704,"533704.BO"
533758,"533758.BO"
533761,"533761.BO"
533896,"533896.BO"
533941,"533941.BO"
533982,"533982.BO"
534060,"534060.BO"
534063,"534063.BO"
534076,"534076.BO"
534091,"534091.BO"
534139,"534139.BO"
534184,"534184.BO"
534190,"534190.BO"
534309,"534309.BO"
534312,"534312.BO"
534328,"534328.BO"
534338,"534338.BO"
534369,"534369.BO"
534392,"534392.BO"
534422,"534422.BO"
534425,"534425.BO"
534532,"534532.BO"
534597,"534597.BO"
534598,"534598.BO"
534600,"534600.BO"
534612,"534612.BO"
534615,"534615.BO"
534618,"534618.BO"
534623,"534623.BO"
534674,"534674.BO"
534675,"534675.BO"
534690,"534690.BO"
534691,"534691.BO"
534707,"534707.BO"
534708,"534708.BO"
534731,"534731.BO"
534734,"534734.BO"
534741,"534741.BO"
534742,"534742.BO"
534748,"534748.BO"
534756,"534756.BO"
534758,"534758.BO"
534796,"534796.BO"
534804,"534804.BO"
534809,"534809.BO"
534816,"534816.BO"
534976,"534976.BO"
535141,"535141.BO"
535205,"535205.BO"
535267,"535267.BO"
535276,"535276.BO"
535279,"535279.BO"
535322,"535322.BO"
535458,"535458.BO"
535467,"535467.BO"
535486,"535486.BO"
535566,"535566.BO"
535601,"535601.BO"
535602,"535602.BO"
535620,"535620.BO"
535621,"535621.BO"
535648,"535648.BO"
535658,"535658.BO"
535693,"535693.BO"
535694,"535694.BO"
535719,"535719.BO"
535754,"535754.BO"
535755,"535755.BO"
535789,"535789.BO"
535916,"535916.BO"
536128,"536128.BO"
536170,"536170.BO"
536264,"536264.BO"
536493,"536493.BO"
536507,"536507.BO"
536592,"536592.BO"
536644,"536644.BO"
536659,"536659.BO"
536709,"536709.BO"
536751,"536751.BO"
536773,"536773.BO"
536799,"536799.BO"
536846,"536846.BO"
536960,"536960.BO"
536974,"536974.BO"
537007,"537007.BO"
537008,"537008.BO"
537069,"537069.BO"
537092,"537092.BO"
537253,"537253.BO"
537254,"537254.BO"
537259,"537259.BO"
537291,"537291.BO"
537292,"537292.BO"
537524,"537524.BO"
537536,"537536.BO"
537582,"537582.BO"
537708,"537708.BO"
537750,"537750.BO"
537766,"537766.BO"
537785,"537785.BO"
537800,"537800.BO"
537839,"537839.BO"
537840,"537840.BO"
538019,"538019.BO"
538057,"538057.BO"
538092,"538092.BO"
538119,"538119.BO"
538128,"538128.BO"
538180,"538180.BO"
538212,"538212.BO"
538268,"538268.BO"
538351,"538351.BO"
538364,"538364.BO"
538365,"538365.BO"
538401,"538401.BO"
538420,"538420.BO"
538422,"538422.BO"
538423,"538423.BO"
538433,"538433.BO"
538476,"538476.BO"
538520,"538520.BO"
538521,"538521.BO"
538537,"538537.BO"
538542,"538542.BO"
538547,"538547.BO"
538548,"538548.BO"
538557,"538557.BO"
538562,"538562.BO"
538564,"538564.BO"
538566,"538566.BO"
538567,"538567.BO"
538570,"538570.BO"
538575,"538575.BO"
538595,"538595.BO"
538596,"538596.BO"
538597,"538597.BO"
538598,"538598.BO"
538607,"538607.BO"
538611,"538611.BO"
538635,"538635.BO"
538647,"538647.BO"
538653,"538653.BO"
538666,"538666.BO"
538683,"538683.BO"
538685,"538685.BO"
538706,"538706.BO"
538707,"538707.BO"
538708,"538708.BO"
538713,"538713.BO"
538715,"538715.BO"
538716,"538716.BO"
538730,"538730.BO"
538731,"538731.BO"
538732,"538732.BO"
538765,"538765.BO"
538770,"538770.BO"
538771,"538771.BO"
538787,"538787.BO"
538788,"538788.BO"
538794,"538794.BO"
538795,"538795.BO"
538808,"538808.BO"
538812,"538812.BO"
538817,"538817.BO"
538834,"538834.BO"
538835,"538835.BO"
538836,"538836.BO"
538837,"538837.BO"
538858,"538858.BO"
538860,"538860.BO"
538861,"538861.BO"
538891,"538891.BO"
538896,"538896.BO"
538902,"538902.BO"
538918,"538918.BO"
538921,"538921.BO"
538922,"538922.BO"
538940,"538940.BO"
538941,"538941.BO"
538942,"538942.BO"
538952,"538952.BO"
538961,"538961.BO"
538962,"538962.BO"
538963,"538963.BO"
538964,"538964.BO"
538965,"538965.BO"
538979,"538979.BO"
538987,"538987.BO"
538993,"538993.BO"
539007,"539007.BO"
539009,"539009.BO"
539011,"539011.BO"
539013,"539013.BO"
539014,"539014.BO"
539015,"539015.BO"
539017,"539017.BO"
539018,"539018.BO"
539031,"539031.BO"
539040,"539040.BO"
539041,"539041.BO"
539043,"539043.BO"
539044,"539044.BO"
539045,"539045.BO"
539046,"539046.BO"
539056,"539056.BO"
539070,"539070.BO"
539083,"539083.BO"
539098,"539098.BO"
539099,"539099.BO"
539112,"539112.BO"
539113,"539113.BO"
539118,"539118.BO"
539120,"539120.BO"
539122,"539122.BO"
539123,"539123.BO"
539125,"539125.BO"
539126,"539126.BO"
539131,"539131.BO"
539132,"539132.BO"
539141,"539141.BO"
539143,"539143.BO"
539148,"539148.BO"
539149,"539149.BO"
539150,"539150.BO"
539151,"539151.BO"
539168,"539168.BO"
539169,"539169.BO"
539176,"539176.BO"
539177,"539177.BO"
539195,"539195.BO"
539196,"539196.BO"
539207,"539207.BO"
539220,"539220.BO"
539223,"539223.BO"
539224,"539224.BO"
539225,"539225.BO"
539226,"539226.BO"
539228,"539228.BO"
539229,"539229.BO"
539251,"539251.BO"
539252,"539252.BO"
539254,"539254.BO"
539255,"539255.BO"
539267,"539267.BO"
539268,"539268.BO"
539274,"539274.BO"
539275,"539275.BO"
539276,"539276.BO"
539278,"539278.BO"
539287,"539287.BO"
539289,"539289.BO"
539290,"539290.BO"
539300,"539300.BO"
539301,"539301.BO"
539302,"539302.BO"
539309,"539309.BO"
539311,"539311.BO"
539313,"539313.BO"
539331,"539331.BO"
539332,"539332.BO"
539333,"539333.BO"
539334,"539334.BO"
539336,"539336.BO"
539346,"539346.BO"
539351,"539351.BO"
539354,"539354.BO"
539359,"539359.BO"
539363,"539363.BO"
539391,"539391.BO"
539392,"539392.BO"
539398,"539398.BO"
539399,"539399.BO"
539400,"539400.BO"
539403,"539403.BO"
539404,"539404.BO"
539407,"539407.BO"
539410,"539410.BO"
539428,"539428.BO"
539433,"539433.BO"
539436,"539436.BO"
539437,"539437.BO"
539447,"539447.BO"
539448,"539448.BO"
539450,"539450.BO"
539479,"539479.BO"
539480,"539480.BO"
539516,"539516.BO"
539517,"539517.BO"
539518,"539518.BO"
539520,"539520.BO"
539523,"539523.BO"
539524,"539524.BO"
539525,"539525.BO"
539526,"539526.BO"
539528,"539528.BO"
539542,"539542.BO"
539544,"539544.BO"
539551,"539551.BO"
539593,"539593.BO"
539595,"539595.BO"
539597,"539597.BO"
539599,"539599.BO"
539620,"539620.BO"
539636,"539636.BO"
539658,"539658.BO"
539659,"539659.BO"
539660,"539660.BO"
539678,"539678.BO"
539680,"539680.BO"
539693,"539693.BO"
539725,"539725.BO"
539742,"539742.BO"
539773,"539773.BO"
539785,"539785.BO"
539787,"539787.BO"
539798,"539798.BO"
539799,"539799.BO"
539800,"539800.BO"
539805,"539805.BO"
539806,"539806.BO"
539807,"539807.BO"
539814,"539814.BO"
539837,"539837.BO"
539842,"539842.BO"
539844,"539844.BO"
539861,"539861.BO"
539871,"539871.BO"
539872,"539872.BO"
539874,"539874.BO"
539876,"539876.BO"
539883,"539883.BO"
539889,"539889.BO"
539910,"539910.BO"
539917,"539917.BO"
539922,"539922.BO"
539939,"539939.BO"
539940,"539940.BO"
539956,"539956.BO"
539957,"539957.BO"
539962,"539962.BO"
539963,"539963.BO"
539978,"539978.BO"
539979,"539979.BO"
539981,"539981.BO"
539982,"539982.BO"
539984,"539984.BO"
539985,"539985.BO"
539986,"539986.BO"
539992,"539992.BO"
540005,"540005.BO"
540006,"540006.BO"
540023,"540023.BO"
540024,"540024.BO"
540025,"540025.BO"
540047,"540047.BO"
540048,"540048.BO"
540061,"540061.BO"
540063,"540063.BO"
540064,"540064.BO"
540065,"540065.BO"
540071,"540071.BO"
540072,"540072.BO"
540073,"540073.BO"
540078,"540078.BO"
540081,"540081.BO"
540083,"540083.BO"
540115,"540115.BO"
540124,"540124.BO"
540125,"540125.BO"
540133,"540133.BO"
540136,"540136.BO"
540143,"540143.BO"
540144,"540144.BO"
540145,"540145.BO"
540147,"540147.BO"
540151,"540151.BO"
540153,"540153.BO"
540154,"540154.BO"
540173,"540173.BO"
540175,"540175.BO"
540180,"540180.BO"
540189,"540189.BO"
540190,"540190.BO"
540192,"540192.BO"
540203,"540203.BO"
540210,"540210.BO"
540212,"540212.BO"
540222,"540222.BO"
540253,"540253.BO"
540269,"540269.BO"
540293,"540293.BO"
540311,"540311.BO"
540358,"540358.BO"
540361,"540361.BO"
540366,"540366.BO"
540376,"540376.BO"
540377,"540377.BO"
540386,"540386.BO"
540393,"540393.BO"
540396,"540396.BO"
540401,"540401.BO"
540403,"540403.BO"
540405,"540405.BO"
540416,"540416.BO"
540425,"540425.BO"
540426,"540426.BO"
540455,"540455.BO"
540497,"540497.BO"
540519,"540519.BO"
540526,"540526.BO"
540530,"540530.BO"
540544,"540544.BO"
540565,"540565.BO"
540575,"540575.BO"
540590,"540590.BO"
540593,"540593.BO"
540594,"540594.BO"
540595,"540595.BO"
540596,"540596.BO"
540602,"540602.BO"
540611,"540611.BO"
540613,"540613.BO"
540615,"540615.BO"
540616,"540616.BO"
540636,"540636.BO"
555555,"555555.BO"
570001,"570001.BO"
570002,"570002.BO"
570003,"570003.BO"
570004,"570004.BO"
580001,"580001.BO"
590003,"590003.BO"
590005,"590005.BO"
590006,"590006.BO"
590013,"590013.BO"
590018,"590018.BO"
590021,"590021.BO"
590022,"590022.BO"
590024,"590024.BO"
590025,"590025.BO"
590028,"590028.BO"
590030,"590030.BO"
590031,"590031.BO"
590041,"590041.BO"
590043,"590043.BO"
590051,"590051.BO"
590062,"590062.BO"
590065,"590065.BO"
590066,"590066.BO"
590068,"590068.BO"
590070,"590070.BO"
590071,"590071.BO"
590072,"590072.BO"
590073,"590073.BO"
590075,"590075.BO"
590078,"590078.BO"
590080,"590080.BO"
590086,"590086.BO"
590095,"590095.BO"
590096,"590096.BO"
590097,"590097.BO"
590098,"590098.BO"
590099,"590099.BO"
590101,"590101.BO"
590103,"590103.BO"
590104,"590104.BO"
590106,"590106.BO"
590107,"590107.BO"
590108,"590108.BO"
590113,"590113.BO"
590122,"590122.BO"
590130,"590130.BO"
590132,"590132.BO"
590133,"590133.BO"
590134,"590134.BO"
600180,"600180.BO"
632514,"632514.BO"
639844,"639844.BO"
700087,"700087.BO"
700102,"700102.BO"
700133,"700133.BO"
710055,"710055.BO"
717502,"717502.BO"
717503,"717503.BO"
800254,"800254.BO"
800258,"800258.BO"
800259,"800259.BO"
800265,"800265.BO"
800268,"800268.BO"
934784,"934784.BO"
934844,"934844.BO"
934854,"934854.BO"
934855,"934855.BO"
934864,"934864.BO"
934872,"934872.BO"
934887,"934887.BO"
934901,"934901.BO"
934932,"934932.BO"
934948,"934948.BO"
934953,"934953.BO"
935016,"935016.BO"
935046,"935046.BO"
935074,"935074.BO"
935088,"935088.BO"
935114,"935114.BO"
935132,"935132.BO"
935190,"935190.BO"
935196,"935196.BO"
935200,"935200.BO"
935214,"935214.BO"
935308,"935308.BO"
935309,"935309.BO"
935310,"935310.BO"
935311,"935311.BO"
935327,"935327.BO"
935351,"935351.BO"
935375,"935375.BO"
935383,"935383.BO"
935471,"935471.BO"
935484,"935484.BO"
935490,"935490.BO"
935514,"935514.BO"
935524,"935524.BO"
935526,"935526.BO"
935534,"935534.BO"
935548,"935548.BO"
935574,"935574.BO"
935576,"935576.BO"
935580,"935580.BO"
935582,"935582.BO"
935584,"935584.BO"
935588,"935588.BO"
935594,"935594.BO"
935602,"935602.BO"
935616,"935616.BO"
935618,"935618.BO"
935628,"935628.BO"
935642,"935642.BO"
935650,"935650.BO"
935666,"935666.BO"
935690,"935690.BO"
935694,"935694.BO"
935698,"935698.BO"
935700,"935700.BO"
935710,"935710.BO"
935744,"935744.BO"
935752,"935752.BO"
935760,"935760.BO"
935788,"935788.BO"
935814,"935814.BO"
935832,"935832.BO"
935840,"935840.BO"
935848,"935848.BO"
935860,"935860.BO"
935890,"935890.BO"
935904,"935904.BO"
935912,"935912.BO"
935916,"935916.BO"
935944,"935944.BO"
935950,"935950.BO"
935994,"935994.BO"
936004,"936004.BO"
936012,"936012.BO"
936016,"936016.BO"
936028,"936028.BO"
947146,"947146.BO"
950495,"950495.BO"
950497,"950497.BO"
955953,"955953.BO"
956004,"956004.BO"
961694,"961694.BO"
961700,"961700.BO"
961703,"961703.BO"
961706,"961706.BO"
961710,"961710.BO"
961711,"961711.BO"
961712,"961712.BO"
961714,"961714.BO"
961715,"961715.BO"
961716,"961716.BO"
961717,"961717.BO"
961719,"961719.BO"
961720,"961720.BO"
961721,"961721.BO"
961722,"961722.BO"
961727,"961727.BO"
961728,"961728.BO"
961730,"961730.BO"
961731,"961731.BO"
961732,"961732.BO"
961733,"961733.BO"
961734,"961734.BO"
961735,"961735.BO"
961736,"961736.BO"
961737,"961737.BO"
961738,"961738.BO"
961739,"961739.BO"
961742,"961742.BO"
961743,"961743.BO"
961744,"961744.BO"
961751,"961751.BO"
961764,"961764.BO"
961765,"961765.BO"
961769,"961769.BO"
961778,"961778.BO"
961779,"961779.BO"
961784,"961784.BO"
961798,"961798.BO"
961804,"961804.BO"
961808,"961808.BO"
961814,"961814.BO"
961816,"961816.BO"
961820,"961820.BO"
961822,"961822.BO"
961825,"961825.BO"
961826,"961826.BO"
961851,"961851.BO"
961875,"961875.BO"
961893,"961893.BO"
961895,"961895.BO"
961897,"961897.BO"
972608,"972608.BO"
972609,"972609.BO"
972656,"972656.BO"
972657,"972657.BO"
972660,"972660.BO"
972661,"972661.BO"
972662,"972662.BO"
972663,"972663.BO"
972704,"972704.BO"
972705,"972705.BO"
972706,"972706.BO"
972713,"972713.BO"
972714,"972714.BO"
972715,"972715.BO"
972716,"972716.BO"
972719,"972719.BO"
972881,"972881.BO"
972883,"972883.BO"
972885,"972885.BO"
972887,"972887.BO"
